NVDA,AMD,RSI,RF,CBBTCUSD,DJIA,MACD_Signal,ADS_Index
-1.00560970560398,-1.3402663569929516,0.0473436858278894,-0.2865635382699905,-1.7206469985667268,-1.217874613643671,-0.5956819135155308,0.8955687713966811
-1.0043287628268052,-1.293246448350529,0.0307530969147099,-0.2865635382699905,-1.7222573887499588,-1.3026228640844144,-0.553304954198426,0.93850204698351
-1.0530460829826078,-1.346276347495634,-0.3395577799307512,-0.2865635382699905,-1.724266516644254,-1.388687323176123,-0.5266123246729274,0.9411842923254256
-1.0799836150844533,-1.4413767196075398,-0.3508573822051792,-0.2865635382699905,-1.6894098594310352,-1.3637746107496362,-0.5163542112475628,0.9407406250688084
-1.1019605966193753,-1.459053352655908,-0.0916182861028166,-0.2865635382699905,-1.7136435801500278,-1.3309300093476015,-0.5212889195731653,0.9371706321156534
-1.1149036596426911,-1.4862752488718285,-0.1350758386422347,-0.2865635382699905,-1.7636314608397932,-1.293205910742807,-0.5382393256566846,0.9046998896837134
-1.125021703534705,-1.4866288570555195,0.1104792650728318,-0.2865635382699905,-1.7172677971568098,-1.3008823513288634,-0.5640479667065403,0.8826276502159962
-1.1048185857986708,-1.4017809644785495,-0.250918434019665,-0.2865635382699905,-1.6928488043700507,-1.33138895052195,-0.590871956896678,0.8544209053844338
-1.1016647437172284,-1.439962556596789,-0.2673513895786127,-0.2865635382699905,-1.6716915397618346,-1.187826955624933,-0.6166841950189949,0.8200689146409149
-1.156886690794082,-1.6216783227560934,-0.519965728334686,-0.2865635382699905,-1.6657366538445972,-1.3128970849026382,-0.6504903815471166,0.7795580457512972
-1.1547186907560636,-1.5905672759675946,-0.4804595327007275,-0.2865635382699905,-1.6558339960775943,-1.3102733268681468,-0.6873305860659109,0.6244932413284568
-1.169369928205079,-1.617435833723839,-0.556913881071381,-0.2865635382699905,-1.626847644055024,-1.3564142334251617,-0.726815474922919,0.5663494906743246
-1.2114513680548529,-1.6623346327121429,-1.5984330582175676,-0.2865635382699905,-1.6322138212641766,-1.3896874685655096,-0.7733038280684631,0.5055398120494465
-1.2515947206727684,-1.8118787972558896,-1.5868991874992349,-0.2865635382699905,-1.6692762901247904,-1.5500830793669709,-0.8287131883355487,0.4420400392205713
-1.232114562126005,-1.8086971327747103,-1.8350800371560012,-0.2865635382699905,-1.6682465533423485,-1.5962283155577068,-0.8831496368884576,0.3758257994054452
-1.212009853088354,-1.7669802679916016,-1.6680139041570796,-0.2865635382699905,-1.6874295963878776,-1.577593572025625,-0.930228803446153,0.1605872807353458
-1.2222263056787517,-1.8171818411152036,-1.5373623782082406,-0.2865635382699905,-1.6939228453426105,-1.7455833603724562,-0.9715681292286192,0.0831561908094801
-1.20392868121078,-1.7425864280731682,-1.614680238025282,-0.2865635382699905,-1.683740265647134,-1.7752889773272915,-1.0033656956313255,0.0028251528934332
-1.18352849535518,-1.5767795237677886,-2.057047338060325,-0.2865635382699905,-1.6378250140701949,-1.7250349187360117,-1.0232959191908797,-0.0804347498730959
-1.1700597919849571,-1.5746584141136697,-2.0828271800957467,-0.2865635382699905,-1.646922141107778,-1.7938068207489244,-1.031698731884104,-0.1666606963104943
-1.1279125374005952,-1.5587495522597443,-1.677879438631498,-0.2865635382699905,-1.6055165190643743,-1.825911054784795,-1.0243210123261075,-0.4347778250209289
-1.1694684622648617,-1.671526287696004,-1.7434654056314725,-0.2865635382699905,-1.6119070628511063,-2.0125052792276663,-1.0140841663444182,-0.5158524393447148
-1.1522545870931005,-1.5304668314927492,-1.599248806747854,-0.2865635382699905,-1.5877163037710162,-1.957445327206874,-0.9989088294351598,-0.5913874094308466
-1.1310004393860504,-1.5714764799084755,-1.1563569226352268,-0.2865635382699905,-1.6120768955798923,-1.9617663016597136,-0.9770735312600416,-0.6614075211595822
-1.0957189779138767,-1.4183970426998584,-0.7089882995844876,-0.2865635382699905,-1.5765174128052548,-1.837068520881953,-0.9454274692440192,-0.7259499533513091
-1.1117830383320408,-1.4279423058674103,-0.6682499365350856,-0.2865635382699905,-1.6007967802655811,-1.7517444291564117,-0.9116259880601716,-0.8877273937950111
-1.0945363184736856,-1.3558216106631855,-0.4545274101694183,-0.2865635382699905,-1.6139336439112055,-1.693445911112852,-0.8747901209293415,-0.9321891319977476
-1.0614229824009294,-1.38056905876531,-0.1698804610995312,-0.2865635382699905,-1.650174471427811,-1.665056502808982,-0.8318172939346055,-0.9720820062729336
-1.0568568187959348,-1.3635993723603104,-0.2648582099234499,-0.2865635382699905,-1.6573134875172957,-1.7402752294313932,-0.7862107050769459,-1.0074266715207838
-1.105607108999731,-1.4944066187526446,-0.6233560333070408,-0.2865635382699905,-1.6496877966121195,-1.7233247134164995,-0.7497990378314855,-1.0382355206814278
-1.0847796914956076,-1.4459725470994702,-0.1082499140849361,-0.2865635382699905,-1.5372363780606968,-1.5872659737567272,-0.7173421139902352,-1.0998903978231025
-1.1556383419807024,-1.4926388475582018,-0.6037849356161757,-0.2865635382699905,-1.5457011634756854,-1.5815898239494408,-0.7015713923966439,-1.1053391604998102
-1.2128639403012036,-1.597638091021351,-0.839988757359341,-0.2865635382699905,-1.5523360515836746,-1.725580452584765,-0.7072266631873219,-1.1026333685716496
-1.2159846869732531,-1.5895067211405356,-0.6252007783407809,-0.2865635382699905,-1.5237960978403244,-1.8342152922602903,-0.7266128163042045,-1.09177302203862
-1.2394401808505129,-1.610365288394097,-0.5239707581605353,-0.2865635382699905,-1.4598805908388872,-1.958428154061379,-0.7577244014650626,-1.0727539899206793
-1.1872732910725203,-1.674001005533814,-0.3393662577081234,-0.2865635382699905,-1.2302909074420327,-2.0410678728803453,-0.78529910340284,-0.9680543007310152
-1.1646723858537071,-1.6153147240697192,-0.3261086637352807,-0.2865635382699905,-1.1757121728701816,-1.952323370515786,-0.8051009424904304,-0.919102187221545
-1.2265626818389856,-1.813646568450332,-0.6212162018936761,-0.2865635382699905,-1.1374501344983394,-1.9979793580961285,-0.8297191886740601,-0.8633256946810499
-1.2742944106741627,-1.8981408528436112,-0.9539725176625404,-0.2865635382699905,-1.1609387392926187,-2.106925931399512,-0.864242106431221,-0.800708299189358
-1.2685785576769706,-1.8005657628938947,-1.0378170223703178,-0.2865635382699905,-1.1767029756673677,-2.26569792955587,-0.9018469649362512,-0.7312210838861685
-1.2468642082734036,-1.8094040794180788,-0.9902809281881678,-0.2865635382699905,-1.1377468383170095,-2.044293450001955,-0.9351922981182904,-0.4817429371297194
-1.259380415732394,-1.7273845128626109,-1.3005837575485582,-0.2865635382699905,-1.1255034425054335,-1.9906449585739745,-0.9658530446518668,-0.3854373993874175
-1.2086260982007524,-1.3901143219328629,-0.8044814640970733,-0.2865635382699905,-1.071697346158217,-1.8946526493616656,-0.9837430583267112,-0.2825801272969283
-1.169829753817398,-1.3975384754462965,-0.6878358695804008,-0.2865635382699905,-1.1075555465783482,-1.6502448258519071,-0.9852754527322296,-0.1838868830897762
-1.1205867933146882,-1.241277104032484,-0.5473753694099199,-0.2865635382699905,-1.1209367545452296,-1.5540230460524245,-0.9672159709328298,-0.0893163569655315
-1.0960803948278126,-1.2589537370808523,-0.6000855229110256,-0.2865635382699905,-1.098915558229711,-1.5390684911825796,-0.9329626361958578,0.1723192640574467
-1.0893786997871964,-1.1988532926060058,-0.4854735873782842,-0.2865635382699905,-1.0749516903050742,-1.5145021494537163,-0.8887083315955938,0.2553498974315897
-1.069044328666184,-1.1939038569303844,-0.4705114475348798,-0.2865635382699905,-1.064162277460101,-1.531963562247603,-0.8365585443188707,0.3367277256905313
-1.0566924700015643,-1.1974391295952556,-0.5738286266600306,-0.2865635382699905,-0.99115299979912,-1.6273583820065114,-0.7797717129952532,0.4164849704786064
-1.0111945559389932,-1.0171375264467015,-0.376032951114189,-0.2865635382699905,-0.9484256360838604,-1.4580004294040736,-0.7149244684004876,0.4946530272441421
-1.0018321905614451,-1.0807732435864186,-0.0629079405075474,-0.2865635382699905,-1.0045013152612174,-1.4342870255181028,-0.6468062114829719,0.715023462421652
-0.9677990779026512,-0.9715317808150304,-0.0066641871349946,-0.2865635382699905,-1.0661009214155717,-1.2222085769976714,-0.574400172336908,0.7773339260961495
-0.9930281848559992,-1.0379958239762492,0.2841525070876736,-0.2865635382699905,-0.9101286913804104,-1.151414736037386,-0.5078970780204826,0.8332975520325921
-0.9735806202730316,-0.9732992822854584,0.7837862072024013,-0.2865635382699905,-1.026010328287947,-1.171218480673942,-0.4456572071073252,0.8829358213272035
-0.979559356124377,-0.9453701697021536,0.7606631633800733,-0.2865635382699905,-0.9940193466446398,-1.1704348169705725,-0.3910496888144081,0.9262689757821942
-0.9430626412482164,-0.9131988378106116,1.0684241480451375,-0.2865635382699905,-0.9369958263089984,-1.0822142002861634,-0.3384291212847072,1.0213319147275637
-0.958338053103921,-0.9969859058365076,0.7730418700952871,-0.2865635382699905,-1.0539253244403886,-1.1093826518809151,-0.2933918166649056,1.0450693522506116
-0.9986785992028012,-0.8785525183572428,0.3658115240438276,-0.2865635382699905,-0.9391586763174912,-1.029396998532479,-0.263565401302588,1.0653049579912142
-1.0295579951415526,-0.8856233334109992,0.6101016785359576,-0.2865635382699905,-0.9188807827555584,-0.9786883284005682,-0.2513348772427187,1.095300004083388
-1.0142496132378545,-0.8736030826816215,1.0961432105470346,-0.2865635382699905,-0.952548610867275,-1.0032286923271103,-0.2491652684065017,1.1147445271457574
-1.0280798588834126,-0.8962291514056111,0.944725908973309,-0.2865635382699905,-0.9125358857101604,-0.9670719211290584,-0.2569436872136755,1.1152154588706586
-1.0176003980774628,-0.8311792712551437,0.9045871494250088,-0.2865635382699905,-0.9109046859830848,-0.9612528934090054,-0.2697783486875298,1.1127699186852067
-1.0626056418411205,-0.9262793736430346,0.6153954475160648,-0.2865635382699905,-0.9190781377842664,-0.7359084471696357,-0.2940817079280317,1.1074161685494874
-1.0627699906354908,-0.9181482734862336,0.3924932208584346,-0.2865635382699905,-0.8538972762620323,-0.6083531081364911,-0.3253182821431262,1.099141815523372
-1.1039974686338148,-1.01784447309007,-0.1532660343099382,-0.2865635382699905,-0.6429616707317214,-0.6261305841919563,-0.3674433589484353,1.0515876256604508
-1.0691726987389798,-1.0245616799601351,-0.2404493091401779,-0.2865635382699905,-0.4950293086517793,-0.6607156983495482,-0.4088737107373034,1.0246689204062935
-1.1040958773321985,-1.0797126887593589,-0.6529121183079698,-0.2865635382699905,-0.5139290733907956,-0.6910794196298649,-0.4545762931604508,0.991768142951878
-1.0681871074183544,-0.6713826271764612,-0.4618895740473966,-0.2865635382699905,-0.5456535586177862,-0.6638243753607088,-0.4948601359795335,0.9528720741610665
-1.038290419488047,-0.6519382229336502,-0.4038692794914862,-0.2865635382699905,-0.4840284439903333,-0.6073269849447839,-0.5249023136740804,0.907965842505704
-1.067168546049735,-0.457848597861276,-0.6625401971985259,-0.2865635382699905,-0.6866469447393831,-0.5393257577340804,-0.5525006693196108,0.739314451270461
-1.0333294928369254,-0.3447182542413252,-0.7369669086129689,-0.2865635382699905,-0.670058381918194,-0.4644187647395298,-0.5715612087944761,0.6748020099938464
-1.0191696720728316,-0.3242132951714545,-0.7059558005020562,-0.2865635382699905,-0.5710814786431441,-0.2426116292496305,-0.5821346527088231,0.6064872494464592
-1.0105621076799554,-0.3309305020415192,-0.8768166883550652,-0.2865635382699905,-0.5640847729825238,-0.1741557904982965,-0.5856516174452061,0.5343434834972214
-0.9928213385472952,-0.2902744618094842,-0.5969234541995618,-0.2865635382699905,-0.637356519406174,-0.1495591413333884,-0.5817619318726631,0.4583421257642356
-0.9538244159251976,-0.2991127783336684,-0.4725270810374923,-0.2865635382699905,-0.5904699320246755,-0.1491867928334473,-0.5668992810153463,0.2075730477443512
-0.9693639642490476,-0.2549211957127477,-0.5345339224548916,-0.2865635382699905,-0.6163865406925482,-0.0401233194196147,-0.549043330548826,0.1171995973437876
-1.0184142442811643,-0.4203742221104201,-1.058845240485808,-0.2865635382699905,-0.522756347634023,-0.2461792474351396,-0.5392956074369313,0.0234924460485284
-0.9895358669966776,-0.2634056343292252,-0.7844112451682975,-0.2865635382699905,-0.5073190224802967,-0.1066135044619416,-0.5304854808790874,-0.0735897159418561
-0.9947923958271472,-0.2743650605075288,-0.5735818959482711,-0.2865635382699905,-0.4980138000042803,-0.1145713712398136,-0.5241018456963938,-0.1740799364677102
-0.9800413707043572,-0.1396692029906475,-0.2736377108778839,-0.2865635382699905,-0.5983923267485209,-0.0455743282734447,-0.5174412155298838,-0.6228406914781973
-0.9755076757017592,-0.0456293857058012,-0.3388770844102752,-0.2865635382699905,-0.5363537063466328,0.002566869062337,-0.510638414075829,-0.7528880742116681
-0.972057855356771,0.0494704469580746,-0.2153229062110956,-0.2865635382699905,-0.5921642316588888,0.0257650465355935,-0.5039918572759553,-0.8905695080645906
-0.972057855356771,0.0017438613962984,-0.2802426480911095,-0.2865635382699905,-0.6295368298503291,0.0168633196067006,-0.498303159349144,-1.0359469577376097
-1.016541470338297,-0.3104255429716484,-0.2762539209108103,1.5116226643742174,-0.4299169172415455,0.0279038855934124,-0.5018726649835651,-1.670779446824642
-1.0362205774256137,-0.4256769962457186,-0.4198605187559956,1.5116226643742174,-0.5771773324380297,-0.0954257309287386,-0.5150404426521829,-1.813798106893112
-1.0221264460347086,-0.4012836957753156,-0.0167938537386226,1.5116226643742174,-0.48361426694029,-0.0910311527026578,-0.5315377963911134,-1.9453119875418448
-0.9860207333626988,-0.3104255429716484,-0.0092759466716585,1.5116226643742174,-0.4873472305955439,-0.0798736866054967,-0.5433464597588005,-2.065366529551315
-0.882335197602053,-0.041741044305269,0.7752953707088878,1.5116226643742174,-0.2976574980536853,0.0140360687873588,-0.5337563898370737,-2.358075382457689
-0.8531941881862115,0.0671470800064429,0.7500417810051223,1.5116226643742174,-0.3578917296216728,-0.054307199487247,-0.5065676268294452,-2.4343828458118604
-0.8134415870496479,0.0416926852609502,0.7866124098152405,1.5116226643742174,-0.3251777841487115,0.0195433628795544,-0.4632774028196995,-2.5002471916173445
-0.7979347580509927,0.0233093752932289,1.1012629597143615,1.5116226643742174,-0.3429907536786185,0.0261633728378585,-0.4100374337133973,-2.555697336734443
-0.8016143658407414,-0.0283066305651395,0.9514195008986452,1.5116226643742174,-0.5797879232769583,-0.0249436235963138,-0.3547258402013372,-2.600749805083328
-0.7466833825714652,0.4022964310060865,1.0884773936604162,1.5116226643742174,-0.5559455562373427,-0.1253305110347067,-0.2921917190648162,-2.660153298101571
-0.7574921677731516,0.4528513425893653,0.9620163408348696,1.5116226643742174,-0.5859864822398453,-0.1662239015227452,-0.2313068527005703,-2.6362473165927693
-0.722864716720681,0.5412345078312065,1.016556172593678,1.5116226643742174,-0.6846720519010886,-0.0787912781754269,-0.1696812687577223,-2.596259429776594
-0.6445421738877449,0.9499181775977956,1.1317929453774225,1.5116226643742174,-0.6579062795892856,0.0923115168162861,-0.0982999754534686,-2.540168982752832
-0.6391869856360933,0.7360308098229339,1.2802322209877512,1.5116226643742174,-0.7979370564892255,0.1520647917898565,-0.025038835844092,-2.2791282228560448
-0.6319919934895675,0.7445157878874414,1.76626605417383,1.5116226643742174,-0.7765139667403009,0.1103444412612462,0.0452242232559379,-2.166505313943919
-0.583073342926626,1.093452351638861,1.802100511197824,1.5116226643742174,-0.7640940254438601,0.0674550896281619,0.1167778827445397,-2.041691882924921
-0.5746958167013084,1.1655733165671005,1.8692073530053464,1.5116226643742174,-0.7712968127160906,0.1725526185542173,0.1849387223579169,-1.9046300960784472
-0.5939478175015013,1.0566851922553884,1.651944442172257,1.5116226643742174,-0.6472591771731768,0.1986603098875019,0.2419272221840007,-1.755270381643983
-0.5468360007854406,1.077190151325259,1.7297535047923465,1.5116226643742174,-0.547906359557731,0.2956527644891942,0.2950121554032073,-1.2356178781156888
-0.5366844853998362,0.873201654901641,1.741044519934791,1.5116226643742174,-0.567131021690947,0.3536092414688512,0.3423230576176506,-1.042069070161325
-0.577652465301786,0.7187080546822722,1.3917479882228152,1.5116226643742174,-0.5930738101075257,0.2163555229022839,0.3738784179392616,-0.8386967916647242
-0.5283723978249087,0.8173434297350338,1.847396397599508,-0.2865635382699905,-0.5601376724083656,0.3763528074014771,0.4000719816721763,-0.625426684985111
-0.4254427913015275,1.0711801608225775,2.126555212437208,-0.2865635382699905,-0.5536081745708086,0.4346210180089948,0.4370893451675107,-0.4246610548956385
-0.3212313644711764,0.9499181775977956,2.197201152968656,-0.2865635382699905,-0.5893744102326643,0.3158591650617394,0.4946492411926236,0.105310636780053
-0.3576659000933265,0.7254252615523369,1.9069084579739932,-0.2865635382699905,-0.55992085038703,0.3770109117269614,0.5528623798644485,0.2606726652169865
-0.2960332217834341,0.8336061694966658,1.8608172786379376,-0.2865635382699905,-0.4726704607055117,0.4445531977633162,0.6163687591621537,0.4058175407135849
-0.3110800998083706,0.777394605870382,1.7158175526486743,-0.2865635382699905,-0.4087207186480741,0.4657554140915237,0.6741484037860892,0.5408006184024242
-0.2292090772092645,0.8880499619285068,1.7700545357710151,-0.2865635382699905,-0.2873104558342856,0.4420982954439187,0.7365334280717479,0.6656748574476554
-0.2254309353597333,0.8678988807663426,1.7555076268259984,-0.2865635382699905,-0.0989136001131457,0.4965174616741052,0.7958612426121104,0.9785159589739558
-0.2293730499194373,0.8548178054858897,1.7536781290394998,-0.2865635382699905,-0.1170064915715265,0.269371887807101,0.8459942713306807,1.0602073286181604
-0.1711569711837411,1.10794732020605,1.7578003857381543,-0.2865635382699905,0.0267800723543338,0.3349744979367693,0.8944017118623145,1.130400941508702
-0.2119611037369172,1.0393618976666965,1.556969017201616,-0.2865635382699905,0.0336539345787178,0.4860137702687103,0.9283041962080968,1.189114560859765
-0.2134396160792548,0.9371909802250492,1.4951638189261107,-0.2865635382699905,0.0501176401368469,0.4231777960862968,0.9473016151904098,1.2363771035316509
-0.317288999188674,0.6480015224887992,0.7061886699714697,-0.2865635382699905,0.0570492320635055,0.3953858772358271,0.9338500663255836,1.3244909078486975
-0.3823387785183594,0.5985066262845501,0.3584187343721716,-0.2865635382699905,0.0268156499615498,0.4163586229768572,0.8855190563848953,1.3279691930448976
-0.0187826976663137,1.2196637705392657,1.0432940032116382,-0.2865635382699905,-0.0115464084758612,0.6141665987552521,0.8782165686640243,1.3244743839285256
-0.0096167736013351,1.030877459050219,0.9866067656838586,-0.2865635382699905,-0.045870072856447,0.6411921724372339,0.8949653824238759,1.3140064804995804
-0.000581977559935,1.0128469480941442,0.987574243775965,-0.2865635382699905,0.2097389243762807,0.6142185543598967,0.9238024695349252,1.2377816367462686
-0.013428010860259,1.0832001418279409,1.0136799384853803,-0.2865635382699905,0.3779129311353315,0.572299040680154,0.9526761822695888,1.193493399705338
-0.0475295708430244,1.031584135969572,0.8030968858602139,-0.2865635382699905,0.7414153855421808,0.5621720274084182,0.9702211939837472,1.1392536317408366
7.491617194971189e-05,1.5968830550576796,0.8629243826632963,-0.2865635382699905,0.6582268845637625,0.5826815023413816,0.9842591752998362,1.0750334159924633
0.1041216181237327,1.9543045968736068,1.1682517271362318,-0.2865635382699905,0.7406823525784088,0.6220768395622008,1.009785939116718,1.0008145761480292
0.2013020255177307,2.0504655238125733,1.2256174672084732,-0.2865635382699905,1.130635751036979,0.5798412626208795,1.0543307288191306,0.7813186694456209
0.2253190131020725,2.0423344236557712,1.12881709355347,-0.2865635382699905,0.8363552373116209,0.4046469637635039,1.1086275509042,0.7102563114520378
0.3152101565773353,2.2367773871878223,1.1099549439677638,-0.2865635382699905,0.9839687434778348,0.4374915651655419,1.177836483494498,0.640341994122203
0.4456113347632165,2.2632923367603746,1.4085112440122516,-0.2865635382699905,1.039152968647966,0.4939066925407774,1.271387570660484,0.5715483290584316
0.2767043999173607,2.1222326108331053,0.7277724083484913,-0.2865635382699905,1.1330583847057096,0.4641794274173424,1.340983241925239,0.5038477626238365
0.2190767675895781,1.8040532159624767,0.5945106625090439,-0.2865635382699905,1.3940832335425717,0.4845157170014941,1.3770489400502242,0.3066306443912952
0.4207734807368172,1.958546816181848,0.7564164722380994,-0.2865635382699905,1.3450418514598743,0.5866214690268351,1.4209352598190934,0.2422137939928755
0.38709689589739,1.6767812422350132,0.6553190953863985,-0.2865635382699905,1.4542489949985582,0.6030004733906519,1.4565923911277785,0.1783463639401738
0.2903718011053391,1.4035006463526865,0.4090272962263089,-0.2865635382699905,1.3440302391188448,0.5433987355972907,1.4632056004811853,0.1150019159609151
0.2868561660257633,1.5449137107396325,0.3180284459032452,-0.2865635382699905,1.212182983154204,0.4607503575108789,1.445653592623125,0.0521614475469016
0.3071607011337624,1.5304187421724464,0.4529980636090329,-0.2865635382699905,1.082930878689511,0.4935083662385125,1.4124966141143045,-0.1336665587071071
0.3381432695040672,1.204108247145016,0.4993971533675018,-0.2865635382699905,0.7077556127377587,0.6321995232002156,1.3718744549586743,-0.1948546351039233
0.370143772435995,1.1443611411298464,0.8299636623910398,-0.2865635382699905,1.1027590175941848,0.805978031831058,1.3295521957360237,-0.255716364077343
0.4050684553660038,1.107240103838667,1.0684369875774342,-0.2865635382699905,0.9445245887605688,0.9225490901158564,1.289843912972788,-0.3162724005275812
0.498836525473379,1.141532815108344,0.7192187969257933,-0.2865635382699905,0.8241870243681243,0.7902917688624884,1.265771529311243,-0.3765475303348959
0.522262057976226,1.1054728720922542,0.7411786604533213,-0.2865635382699905,1.2405128276322972,0.7200391321172379,1.2523422151939685,-0.5541094455228753
0.442063105719845,1.078604044611995,0.4605031902324012,-0.2865635382699905,1.2446619821644178,0.7064830489390449,1.2276473095243945,-0.6098776761032844
0.3661352163347077,1.1394117054542243,0.2709398278372942,-0.2865635382699905,1.204116935450278,0.9133312999253816,1.1793540204780033,-0.6636671672430996
0.3696180067276887,1.1712299686101064,0.3771793827988449,-0.2865635382699905,1.2979961717593156,0.933806137788582,1.1150665898271634,-0.715506835802622
0.3698479195338484,1.2719864533169871,0.2955963074415981,-0.2865635382699905,1.2262603039264266,0.8296697875484261,1.039963224324673,-0.907403251739788
0.3399171333029546,1.10794732020605,0.0035126949611295,-0.2865635382699905,0.9427517498802368,0.6579521845684342,0.952715310974197,-0.9511007586345708
0.3238839117889972,1.1811288399613482,-0.2650863307981243,-0.2865635382699905,0.9765524905623072,0.6392914632340316,0.8557734519045761,-0.9905970588256294
0.2233804244246171,0.6529509581644211,-0.6032563088421258,-0.2865635382699905,1.1399201639691523,0.4097516019197135,0.7365245254449345,-1.0259086762331358
0.2924746132157657,0.8152223200809144,-0.6574508509836372,-0.2865635382699905,1.103856553213019,0.5426973349346043,0.6183762524209423,-1.057048003797219
0.2637264864250629,0.796838470665163,-1.1116049204936114,-0.2865635382699905,1.354188652892439,0.5378308266330114,0.4989781940104802,-1.12376333149156
0.2052772354868274,0.8279495174536607,-0.8202766305927746,-0.2865635382699905,1.1858951590751905,0.5338778710463945,0.3719633587995867,-1.1347393454657932
0.2606380829940107,0.6992636504394611,-0.4688556546048238,-0.2865635382699905,1.2834959473541483,0.3510980539110912,0.2540758444915071,-1.139795665038417
0.3781603831929737,0.818050646102417,-0.7421197537308226,-0.2865635382699905,1.2463468839401215,0.3500459529170632,0.1665495578613256,-1.1389322902094314
0.2983229732119277,0.562800021728137,-0.8847621853221393,-0.2865635382699905,1.0520736815478633,0.1440246619712982,0.0865393907149414,-1.1321492209788364
0.2265345172288578,0.4581546561726938,-0.8092989965475925,-0.2865635382699905,0.8004802550012937,0.0365934604700126,0.0009324882301911,-1.076979982504661
0.2729916967182195,0.5691638901385252,-0.6422778656865743,-0.2865635382699905,0.8327498160218586,0.0642425014077155,-0.0771742426711273,-1.0479309308423328
0.161941805560709,0.2354289718736479,-1.022964801328546,-0.2865635382699905,0.6600843041706838,0.0444733938409194,-0.1675296922072358,-1.0136520584455748
0.1828375450274044,0.2729033476245037,-1.056448143103996,-0.2865635382699905,0.8063928505552366,0.0540288954615754,-0.2584237461458302,-0.9741351033543012
-0.0954767959234515,-0.025478304543637,-1.729514643237566,-0.2865635382699905,0.8325148695591111,0.1453928262269079,-0.3949828375021699,-0.9293635416483402
0.0135359724968208,0.0452282276498359,-1.5015770104316666,-0.2865635382699905,1.033382683522888,0.2551836781057475,-0.534564147597339,-0.7623769353704236
0.108979623066099,0.173560756204359,-1.496688073370563,-0.2865635382699905,1.0094496942762123,0.3693604489432288,-0.6523534269401169,-0.6944760164037435
0.0187597820020954,0.154823568328931,-1.7082006786915112,-0.2865635382699905,0.8568150465632809,0.3508426055215931,-0.7663734733222916,-0.6202588289513263
0.1158464190694808,0.2262367774417572,-1.3095884565226237,-0.2865635382699905,0.877734679606318,0.1884293854064834,-0.854866973263963,-0.5396923251728288
0.2835055065475541,0.3549226444559568,-0.768427205802869,-0.2865635382699905,0.8265284336883049,0.2550451298266987,-0.8929030254038627,-0.4527434572279066
0.2842278389298289,0.453911897416425,-0.7744050891029887,-0.2865635382699905,0.8303600748579127,0.3184439563927434,-0.8968171942349328,-0.1490957691676869
0.2397094988407211,0.3895692336333402,-0.8596578425523494,-0.2865635382699905,0.6213517015977392,0.0715812305635874,-0.8865967320895511,-0.0279217315665656
0.1292839074512996,-0.1092653725695329,-1.0020739424558145,-2.0847497409142046,0.4593923644161633,0.1094092403776676,-0.8871420962794575,0.1040093780665101
0.2204893398359288,-0.0424477212246221,-0.7884193248461122,-2.0847497409142046,0.5126325754259621,0.2489836426183079,-0.8779803722817086,0.2337754410590532
0.3181343365754163,0.1145208665565726,-0.4237815165493097,-2.0847497409142046,0.7666868983509095,0.4438258192983091,-0.8456750393710618,0.3614330518376524
0.428231230376097,0.2976505260026133,-0.3537121477912677,-2.0847497409142046,0.78614113674201,0.5202828211647174,-0.7808979789393132,0.7265051083531475
0.3761232604557356,0.249923400992807,-0.3982792171991001,-2.0847497409142046,0.7323283276387152,0.5341333194358926,-0.7082224453423668,0.8347388509695924
0.3714580613453619,0.2212873417661352,-0.2939811784504045,-2.0847497409142046,0.6526391864040193,0.6086593046630566,-0.6352737590085533,0.935360849758818
0.3167546090156599,0.1778029755125977,-0.4954943844135139,-2.0847497409142046,0.7823115093992261,0.7521303772519482,-0.5758255210057522,1.0284107621292369
0.3539132320796738,0.1611868972912892,-0.644723236921771,-2.0847497409142046,0.6287558715523244,0.8062854358251975,-0.5217582958817301,1.1139265930972448
0.3710310804196368,0.1131064338218063,-0.4539454926598011,-2.0847497409142046,0.7702560707578479,0.7710725247781695,-0.4713540244127608,1.325961536744003
0.4024732236794616,0.2050251414525333,-0.2405557185249604,-2.0847497409142046,0.6795741201690002,0.825885687676903,-0.4209357474156279,1.3824072480514626
0.5100398229983947,0.4351747095409971,-0.1333363455039709,-2.0847497409142046,0.997439902376168,0.9773752419157502,-0.3549061386027728,1.4318468172060062
0.5011364057033706,0.5394667366367637,0.1087892287653592,-2.0847497409142046,0.9295893777615144,0.960654196488031,-0.2849725415833565,1.4742926371477618
0.4393688385279237,0.6048704946949383,-0.076634367900612,-2.0847497409142046,1.040927150079514,1.018762210647897,-0.2281482059997121,1.5097612317969022
0.5149685317699175,0.6706275912127894,0.8148074016946513,-2.0847497409142046,1.3446786913560282,0.9335463597653628,-0.1703437254922144,1.576658322613135
0.5348786799159873,0.611587701565003,0.6866973588745656,-2.0847497409142046,1.259089708803938,0.962217194261052,-0.1127201823126441,1.5887662251191483
0.5205536328277293,0.6419915319861176,0.4796954080625409,-2.0847497409142046,1.188922612066594,0.8747802412800156,-0.0621571689274714,1.5961565484160631
0.8112875275987804,0.462042997573226,1.1991392621139134,-2.0847497409142046,1.1055441400911548,0.6124996897729453,0.0310199005576946,1.598833423483923
0.8990101695904281,0.671688146039849,1.1890949215190532,-2.0847497409142046,1.150102743664629,0.6143744211738238,0.1597423728754569,1.596796850322727
1.143188100089537,0.8572927930477157,1.2676477496591008,-2.0847497409142046,1.1355165959816569,0.5205382695542154,0.344980302426731,1.5431932532848465
1.1735461179689544,0.6285571182459881,1.2960422829141889,-2.0847497409142046,1.083375263141909,0.3424517753716932,0.5588311962992886,1.5192583549157437
1.031448219790749,0.685475898239655,0.9907973147646348,-2.0847497409142046,1.1359052645586016,0.1995478848001604,0.7514433105539001,1.4911511667032171
1.002963351938397,0.6907786723749535,1.2446288757762556,-2.0847497409142046,1.0788414676864893,0.4484325495766859,0.9122562251331204,1.4588634266871825
1.1792956931825354,0.5723455546197043,1.322494719364472,1.5116226643742174,1.165338014860393,0.3985162024155871,1.0720269492972785,1.3505780468201998
1.2265083004635644,0.4464880136270072,1.277338485693313,1.5116226643742174,1.286301208119353,0.4592436449762235,1.226981261820726,1.3163570081440437
1.423736882619995,0.6649709391697843,1.3536992367292882,1.5116226643742174,1.3244182509598992,0.5008254472257849,1.401076043553846,1.2832389411393663
1.376359801183196,0.6865364530667147,1.3683547955398554,1.5116226643742174,1.2979908015544528,0.5349602794764643,1.5648430268898077,1.25121145286604
1.372745882766636,0.7250713836446303,1.3716216441063196,1.5116226643742174,1.198164063359865,0.4972145327030705,1.7076884726884445,1.2202580194038914
1.4023810668181818,0.4588613330920469,1.569066632635127,1.5116226643742174,1.2120621535447909,0.5271106535415994,1.829599954286185,1.1304463822891748
1.3737951576780627,0.410074192703211,1.4481406423543148,1.5116226643742174,1.0661147534372617,0.474886611607591,1.921134398534198,1.0970845874619612
1.5147540221830045,0.4553263301511913,1.5399618060535014,1.5116226643742174,1.1301906953089742,0.4596419712784884,2.0076197564552496,1.0614383606709723
1.659657007030036,0.443305809697798,1.6137298478138768,1.5116226643742174,1.029050942025432,0.4314517261257506,2.1056933615191484,1.0234932434860575
1.734243529443577,0.4337608162542608,1.5931982056207945,1.5116226643742174,0.9792503472302566,0.4063658283504553,2.212566923913776,0.9832351905750712
1.704671778260034,0.3902759105526933,1.5329482080232244,1.5116226643742174,1.0124872164017336,0.4881699278614075,2.30744190628015,0.8481806469314882
1.855817008619561,0.2569944857705784,1.7981409648791031,1.5116226643742174,0.9191161357278386,0.512744928857713,2.409525657117335,0.7980214610534555
1.6980998322676049,0.5097701225830323,1.324628430805336,1.5116226643742174,0.9000472095356439,0.6425906441288854,2.4758446909243848,0.6897554967926752
1.5597692948585984,0.4903257183402212,0.9779881021568984,1.5116226643742174,0.8526450824873165,0.64933188383136,2.4846024309562376,0.6316060040762831
1.281793429685622,0.4556796686108678,0.4474590050261592,1.5116226643742174,0.5908227582283294,0.7622833683260015,2.4005381668898345,0.4425981346243797
1.543997577223403,0.4556796686108678,0.4200347411658476,1.5116226643742174,0.6972179282457297,0.6328056719210552,2.301753667313311,0.3770370027540509
1.554183441632392,0.3598720801315787,0.342155520601992,1.5116226643742174,0.6283014179658102,0.6395772190595715,2.193808985100244,0.3104513878330597
1.4749964065904717,0.4281041642112558,-0.0862510535750923,1.5116226643742174,0.6839038478396327,0.6552764709293015,2.065173509894126,0.2428152646871353
1.4602105309986997,0.5249723075176046,-0.1527593358582603,1.5116226643742174,0.5966138528972511,0.635706526513641,1.921341257420342,0.1740997164559768
1.4851825217222594,0.3651753937149072,0.1468977455989948,-0.2865635382699905,0.7676589054310761,0.6576404509405736,1.773883015222525,-0.0427023781603955
1.4316243711357826,0.5992138426519332,0.097273145826262,-0.2865635382699905,0.713030496464244,0.7279233951218659,1.6167453302789747,-0.1171509004952201
1.6159560232638075,0.5847188740847441,0.1075517104886931,-0.2865635382699905,0.5875556598449231,0.7175972186990007,1.4889004773663943,-0.1900296504137072
1.535454699312521,0.867545002858636,-0.1066923287393433,-0.2865635382699905,0.3484036554142459,0.7469824427585365,1.3668847717303831,-0.3312058933830019
1.6133269439994782,1.1075939817463736,-0.2787172168081923,-0.2865635382699905,0.3524339941637773,0.7335259411559081,1.2638594039559046,-0.5249984291599019
1.717815168799295,1.05138241812009,-0.0386187485381359,-0.2865635382699905,0.4404274859431855,0.7106568158453938,1.1920008899416592,-0.575206360602442
1.833802544026274,1.2939058451216234,0.1184889066040826,-0.2865635382699905,0.4174530782645195,0.8965669581604602,1.1594966076542716,-0.6170944982383936
1.587041165812149,1.2224920965607673,-0.3371970813593191,-0.2865635382699905,0.3994293281937472,0.910590641780444,1.1055962900373375,-0.6506834969679718
1.6474994585341989,1.2108254540150816,-0.2163708533706937,-0.2865635382699905,0.4347229858276761,1.017597539177144,1.047579681729173,-0.6759857497313054
1.6212131789012736,1.147896683518732,-0.4423848415139619,-0.2865635382699905,0.8953509653831254,1.1088748772680692,0.9813465851803148,-0.7081082505456211
1.5528691527230254,1.0672912799740153,-0.7600256983969683,-0.2865635382699905,0.9136929000920184,1.4304627514755248,0.8975008834164917,-0.7120326815864647
1.2778503122347242,0.4266897314764895,-1.2327294492936365,-0.2865635382699905,0.8540514048857626,1.5359326289015245,0.7548648302991133,-0.7135404893021573
1.3797092070474128,0.2972971875429367,-1.0370263592580662,-0.2865635382699905,0.8434627034475365,1.3051371738083215,0.5974176419435953,-0.7126316736926988
1.2758791295934726,0.149166916285926,-1.3963022820544957,-0.2865635382699905,1.029518149848495,1.1416978305015044,0.4176307339668618,-0.7093144967181751
1.4602105309986997,0.3008321904837924,-0.922136657569754,-0.2865635382699905,1.0841787800445042,1.1970781754175968,0.2631217320030197,-0.6802447901556316
1.4289957933170496,0.2347217555062647,-0.7843152465521688,-0.2865635382699905,0.9726261995319934,1.1722477260317932,0.1247981062029729,-0.6580325104644569
1.1549627948721726,-0.0965381751967866,-0.7790054175060455,-0.2865635382699905,0.9395289556869492,0.9539389345878804,-0.046341340232341,-0.6287851717600645
1.0902331885560814,-0.3196171979555091,-1.303329596618792,-0.2865635382699905,0.9654079729207824,0.9890955603965456,-0.2420334754018889,-0.5924821191422397
1.115862323734323,-0.2605773083077227,-1.2745498885299604,-0.2865635382699905,1.1072814013642698,1.2723705058132488,-0.4394506083443254,-0.5491150906508966
1.0675613287853123,-0.2690622863722303,-1.2358559700097198,-0.2865635382699905,1.03331958361575,1.250977785601351,-0.6367661433632603,-0.3820830435925069
0.8093002986984292,-0.3153749786472703,-1.5139827176807723,-0.2865635382699905,0.9912252327986926,1.3390425354718298,-0.8693722796758733,-0.3215476620424837
1.2459784300983907,-0.1018414887801151,-0.8857146073199766,-0.2865635382699905,0.8842843157121104,1.3821050724537258,-1.0346683775178065,-0.2594796868965099
0.9893603865096148,-0.5239595722868337,-1.0940415803519208,1.5116226643742174,0.9336022633452415,1.1678661367068728,-1.1936123516162749,-0.1958584632543706
0.9256161207913504,-0.5253734655735699,-1.4042416561421665,1.5116226643742174,0.6734332909083888,0.9034510757757048,-1.3504101961156807,-0.1387394021999029
0.701527103793592,-0.4433536292940868,-1.5260194669105704,1.5116226643742174,0.1739532217217977,0.4557712787325578,-1.5356957207475694,-0.0043792763015469
0.8263860545201929,-0.6073933018530531,-1.4604591743232218,1.5116226643742174,0.3129730575563151,0.5832313658238589,-1.7052917144562605,0.0305564219220469
0.650926479337387,-0.6607765394578343,-1.7409700859349024,1.5116226643742174,0.2461207197705348,0.4818270144611979,-1.8848415161995549,0.0608943393577894
0.8500437563343859,-0.3903237301489821,-1.6249810797218571,1.5116226643742174,0.6853840105549421,0.7775583160911459,-2.0235104705863103,0.0866427379657665
0.842815167332871,-0.4627980335368979,-1.4368025784241525,1.5116226643742174,0.6299339602441013,0.7996610962331723,-2.1276082730973083,0.1078181416661499
0.9831171381059268,-0.3744148682950566,-1.327501025289821,1.5116226643742174,0.5305354958873216,0.7388167535620898,-2.176679328492988,0.1459760043232786
1.2170638233695312,-0.2202746065353643,-1.0139416812034945,1.5116226643742174,0.6149886801109291,0.9157385762738558,-2.1441810332769418,0.1529573605959373
1.2808078383649963,-0.2337090202754938,-0.878485581245829,1.5116226643742174,0.4930373691572132,1.0208404348336324,-2.0478058445988827,0.157410557082284
1.4378673688166723,-2.3909798144391027e-05,-0.4273678182141031,1.5116226643742174,0.4073154740347692,1.2609922283963555,-1.885775043577768,0.1593438557424049
1.494382544087824,0.0423999016283333,-0.474027382290352,1.5116226643742174,0.4997783188112427,1.302859786471457,-1.6784942966282137,0.1587531255962568
1.672470947812161,0.2799738929542451,-0.1784918602557176,1.5116226643742174,0.5393694828866274,1.4053725240665051,-1.4201845989851207,0.1407379216287632
1.582112707763425,0.3195693783592203,-0.4653565806303979,1.5116226643742174,0.5120472230959168,1.3787192988844676,-1.1577705976760888,0.1278492638946242
1.6231848629881216,0.369417613023146,-0.3871966515955262,1.5116226643742174,0.6551215636018488,1.402757425299456,-0.8983274089507245,0.1113294747026941
1.4667819755455327,0.1534091355941648,-0.2460449762313029,1.5116226643742174,0.6004011898767406,1.3258155044563755,-0.6815075836856929,0.091170292092887
1.6517707721282406,0.2693678052356181,0.0116180295221516,1.5116226643742174,0.8522752096273916,1.5259744713448824,-0.4702930783675894,0.0673675850851599
1.5561548749964416,0.0929553526596422,-0.1305550364053577,1.5116226643742174,0.7655249202737213,1.554307594410387,-0.2910937815684741,-0.0265998179528078
1.6166134184412897,0.110985324167687,-0.0172292896026339,1.5116226643742174,0.5346208792366963,1.558628568863227,-0.131702751098906,-0.0662654883256291
1.5282261103110055,-0.0353771758948808,0.2051371984118322,1.5116226643742174,0.5094634832813023,1.4897527556410255,-0.0100108914354286,-0.1102273779431633
1.2647074231410596,-0.066134344775672,-0.5760942353285919,1.5116226643742174,0.5327748713151088,1.5952356219681885,0.033620119234935,-0.1585020107255826
1.3231942824990597,0.0423999016283333,-0.1732111538509745,1.5116226643742174,0.5154955658934424,1.6939642596917135,0.0346016890182281,-0.2111059105930588
