,Date,NVDA,SMA,EMA,AAPL,AMD,AVGO,INTC,QCOM,ADS_Index,Mkt-RF,SMB,HML,RMW,CMA,RF,CBBTCUSD,CBETHUSD,SP500,NASDAQCOM,DJIA,MACD,MACD_Signal,OBV,RSI
0,230901,48.48699569702149,45.46176516215007,45.90934254678257,188.28829956054688,109.4499969482422,85.46249389648438,36.00777053833008,112.44337463378906,0.0603954,0.26,0.84,0.58,-0.03,-0.2,0.021,25802.02,1628.83,4515.77,14031.81,34837.71,0.9119259867628386,0.36585306242302273,72.70198059082031,59.51860565250348
1,230905,48.52597427368164,45.59290555318197,46.07815749690509,188.5268096923828,110.77999877929688,85.42822265625,36.10611724853516,113.5737533569336,0.0707884,-0.54,-1.58,-0.86,-0.3,-0.47,0.021,25778.03,1633.25,4496.83,14020.95,34641.97,0.949875347165694,0.482657519371557,121.22795486450195,59.27401031977769
2,230906,47.04352569580078,45.63908030192057,46.14043907007918,181.77880859375,109.27999877929688,85.43800354003906,36.371681213378906,111.75150299072266,0.0714377,-0.71,0.01,-0.18,-0.45,0.1,0.021,25748.1,1632.05,4465.48,13872.47,34443.19,0.8505246512395814,0.556230945745162,74.18443298339844,53.81451080423954
3,230907,46.22382736206055,45.66549542744954,46.14581895988444,176.46189880371094,106.58999633789062,83.94525909423828,37.55194091796875,103.68294525146484,0.0713303,-0.4,-0.69,0.03,-0.2,0.02,0.021,26267.36,1646.92,4451.14,13748.83,34500.73,0.6976041574237257,0.5845055880808747,27.960609436035156,53.64792057694584
4,230908,45.55507659912109,45.65469207763672,46.10770654951261,177.07806396484375,106.08999633789062,83.9961929321289,37.38473510742188,103.42958068847656,0.0704661,0.12,-0.51,0.4,0.28,0.01,0.021,25906.35,1636.26,4457.49,13761.53,34576.59,0.5164974138914218,0.5709039532429842,-17.594467163085938,57.46988695188988
5,230911,45.161224365234375,45.60243975321452,46.04664318278499,178.25074768066406,105.31999969482422,84.15193939208984,37.955196380615234,107.46387481689452,0.0626058,0.66,-0.47,-0.54,-0.49,-0.33,0.021,25161.68,1551.36,4487.46,13917.89,34663.72,0.3373002438749708,0.5241832113693815,-62.75569152832031,56.82919152037427
6,230912,44.85333633422852,45.54062436421712,45.96965564416844,175.20968627929688,105.30999755859376,82.71992492675781,38.22075653076172,108.3896026611328,0.0572627,-0.59,0.21,0.99,0.25,0.23,0.021,25852.36,1593.34,4461.9,13773.61,34645.99,0.16849885470634263,0.45304634003677374,-107.60902786254883,60.44941456429472
7,230913,45.468109130859375,45.50669822692871,45.937298050709614,173.1326141357422,107.70999908447266,83.54367065429688,38.07322692871094,109.76360321044922,0.0504346,0.03,-0.87,-0.22,0.25,-0.36,0.021,26216.13,1607.52,4467.44,13813.59,34575.53,0.0833688480880781,0.3791108416470346,-62.14091491699219,55.12132217900007
8,230914,45.56407928466797,45.55053685506185,45.91321942064242,174.65313720703125,106.62999725341795,85.37629699707031,38.03388214111328,111.12784576416016,0.0421189,0.84,0.49,0.86,0.82,0.02,0.021,26531.31,1626.97,4505.1,13926.05,34907.11,0.023376911571673986,0.3079640556319625,-16.57683563232422,54.879050837479696
9,230915,43.883697509765625,45.53016662597656,45.7822825231665,173.92764282226562,101.48999786376952,83.42123413085938,37.256874084472656,110.2508316040039,0.0323123,-1.21,0.21,0.25,-0.33,0.5,0.021,26620.02,1642.53,4450.32,13708.33,34618.24,-0.15793927043846878,0.21478339041787625,-60.460533142089844,51.154753372049534
10,230918,43.949668884277344,45.50649820963542,45.66404963128316,176.86935424804688,102.37000274658205,83.25668334960938,37.36506652832031,109.87078094482422,-0.00522475,-0.04,-0.82,-0.19,0.2,-0.05,0.021,26767.54,1637.09,4453.53,13710.24,34624.3,-0.2929335567196958,0.11324000099036186,-16.5108642578125,51.73719388193054
11,230919,43.50383758544922,45.44341290791829,45.5246811121971,177.9625701904297,101.61000061035156,83.1783218383789,35.742210388183594,107.89263153076172,-0.0192998,-0.27,-0.11,0.0,0.32,0.31,0.021,27199.35,1642.82,4443.95,13678.19,34517.73,-0.43092492671299,0.004407015449691493,-60.01470184326172,50.61002613183348
12,230920,42.22331619262695,45.362732060750325,45.311689827063546,174.40469360351562,100.33999633789062,81.7966079711914,34.11935043334961,106.43093872070312,-0.0340202,-0.95,-0.05,0.26,0.27,0.49,0.021,27119.41,1622.0,4402.2,13469.13,34440.88,-0.6362768527538023,-0.12372975819100727,-102.23801803588867,35.254891301629016
13,230921,41.00177001953125,45.31163444519043,45.03363023853261,172.8543243408203,96.11000061035156,79.60931396484375,34.08000946044922,105.20310974121094,-0.0493918,-1.69,0.34,0.38,0.56,0.13,0.021,26567.29,1584.04,4330.0,13223.98,34070.42,-0.8873593743973629,-0.2764556814322784,-143.23978805541992,35.42493535255031
14,230922,41.59454345703125,45.28582700093588,44.81175391809364,173.70901489257812,96.1999969482422,81.64987182617188,33.61774063110352,104.93025970458984,-0.0654205,-0.25,-0.09,-0.51,0.18,-0.19,0.021,26582.63,1593.22,4320.06,13211.81,33963.84,-1.026677017966783,-0.42649994873917935,-101.6452407836914,31.76600089183661
15,230925,42.206321716308594,45.33148905436198,44.64366151797848,174.9910430908203,97.37999725341795,82.12357330322266,33.725929260253906,107.61003112792967,-0.117524,0.39,-0.06,0.33,0.58,-0.46,0.021,26296.86,1587.9,4337.44,13271.32,34006.88,-1.0753261708156643,-0.5562651931544763,-59.43891525268555,34.22905971403557
16,230926,41.89543914794922,45.27023200988769,44.46635660283484,170.89654541015625,95.95999908447266,80.38043975830078,33.27350234985352,106.91815948486328,-0.136268,-1.46,0.36,-0.51,-0.34,-0.07,0.021,26200.13,1592.46,4273.53,13063.61,33618.88,-1.1259872280115744,-0.6702096001258959,-101.33435440063477,36.15525736909305
17,230927,42.45222854614258,45.221304194132486,44.33641285724179,169.37596130371094,98.06999969482422,80.4415054321289,34.040672302246094,106.40170288085938,-0.155714,0.13,0.78,0.1,0.19,-0.28,0.021,26351.82,1596.96,4274.51,13092.85,33550.27,-1.1084309279187465,-0.7578538656844661,-58.88212585449219,35.01535885514866
18,230928,43.072998046875,45.20819511413574,44.2549022243149,169.63438415527344,102.76000213623048,81.93743896484375,34.601287841796875,108.26292419433594,-0.175869,0.65,0.19,0.04,0.43,-0.03,0.021,27035.82,1653.08,4299.7,13201.28,33666.34,-1.0325242263298264,-0.8127879378135383,-15.809127807617188,28.49353322338574
19,230929,43.48284530639648,45.21347885131836,44.20509210057823,170.15115356445312,102.81999969482422,81.79759216308594,34.965206146240234,108.22393798828124,-0.196742,-0.27,-0.02,0.31,-0.19,-0.15,0.021,26900.3,1666.74,4288.05,13219.32,33507.5,-0.9285921377005479,-0.8359487777909402,27.673717498779297,28.113460576581545
20,231002,44.7653694152832,45.26301282246907,44.241239270217086,172.6754608154297,103.2699966430664,82.22796630859375,34.87668228149414,108.26292419433594,-0.261646,-0.14,-1.28,-1.05,0.87,-0.52,0.021,27517.12,1663.11,4288.39,13307.77,33433.35,-0.7342720010262482,-0.8156134224380018,72.4390869140625,34.08361197255297
21,231003,43.50083923339844,45.14818420410156,44.193471279796704,171.3337860107422,100.08000183105467,80.24649810791016,35.102901458740234,107.37615966796876,-0.281272,-1.5,-0.26,-0.15,0.3,0.14,0.021,27421.92,1657.34,4229.45,13059.47,33002.38,-0.6745333101522704,-0.7873973999808556,28.938247680664062,33.11667695267806
22,231004,44.02465057373047,45.09409662882487,44.18257962134082,172.58599853515625,104.06999969482422,81.13087463378906,35.338951110839844,107.04484558105467,-0.299557,0.77,-0.53,-0.37,-0.39,-0.33,0.021,27782.29,1646.37,4263.75,13236.01,33129.55,-0.5782569831999922,-0.745569316624683,72.96289825439453,35.24286470726096
23,231005,44.67140579223633,45.013322575887045,44.214116793656665,173.82827758789062,102.91000366210938,81.13580322265625,35.29960632324219,106.9961166381836,-0.316507,-0.15,0.28,0.09,-0.46,-0.12,0.021,27419.39,1612.3,4258.19,13219.83,33119.57,-0.4446439804568598,-0.6853842493911183,117.63430404663086,41.77242723954849
24,231006,45.7450065612793,44.96676940917969,44.31288387543878,176.39231872558594,107.23999786376952,83.24332427978516,35.59467697143555,108.04854583740234,-0.332131,1.21,-0.44,-0.55,-0.31,-0.52,0.021,27949.12,1646.04,4308.5,13431.34,33407.58,-0.2492508943902152,-0.5981575783909376,163.37931060791016,48.36799040965691
25,231009,45.25618362426758,44.942071533203126,44.37374192375032,177.883056640625,106.97000122070312,84.2892074584961,35.46681594848633,108.9450454711914,-0.371293,0.59,-0.16,0.26,0.82,-0.37,0.021,27587.43,1579.69,4335.66,13484.24,33604.65,-0.13231909949117693,-0.5049898826109855,118.12312698364258,48.96859678456727
26,231010,45.7809944152832,44.90764617919922,44.46453216096552,177.28675842285156,109.01000213623048,84.53836822509766,35.83073043823242,109.44203186035156,-0.382056,0.61,0.33,0.62,-0.24,0.19,0.021,27391.73,1567.45,4358.24,13562.84,33739.3,0.0026672883824332416,-0.4034584484123018,163.90412139892578,52.11951160265912
27,231011,46.78861999511719,44.84187126159668,44.61447331155596,178.6880340576172,108.30999755859376,86.12886047363281,36.2733268737793,108.28241729736328,-0.391713,0.32,-0.65,0.38,0.64,-0.25,0.021,26851.85,1565.08,4376.95,13659.68,33804.87,0.18877584606637754,-0.2850115895165659,210.69274139404297,56.31606638329277
28,231012,46.92756652832031,44.76473528544109,44.76370513199237,179.59242248535156,108.79000091552734,89.18575286865234,36.233985900878906,108.61373138427734,-0.400269,-0.81,-1.5,0.11,1.19,-0.22,0.021,26745.5,1539.26,4349.61,13574.22,33631.14,0.3435201563470187,-0.159305240343849,257.6203079223633,54.91580782727017
29,231013,45.444114685058594,44.63511873881022,44.80760252251277,177.74392700195312,105.08999633789062,86.977783203125,35.3782958984375,105.88523864746094,-0.407727,-0.59,-0.35,0.05,0.08,0.46,0.021,26859.1,1551.48,4327.78,13407.23,33670.29,0.34250577768736434,-0.05894303673760633,212.1761932373047,49.63046835855944
30,231016,46.077884674072266,44.55481516520182,44.88955645581966,177.61471557617188,106.45999908447266,88.88735961914062,35.958587646484375,107.68799591064452,-0.422652,1.14,0.58,-0.1,-0.36,-0.02,0.021,28534.29,1600.62,4373.63,13567.98,33984.54,0.3883652912536064,0.030518628860636228,258.2540817260742,57.22468657947715
31,231017,43.92168426513672,44.40133883158366,44.82711308867883,176.05442810058594,105.13999938964844,87.09793090820312,35.46681594848633,109.33483123779295,-0.423971,0.09,1.05,0.68,-0.1,0.32,0.021,28408.19,1565.57,4373.2,13533.75,33997.65,0.24786439895726886,0.07398778287996276,214.3323974609375,49.91900538256486
32,231018,42.18033218383789,44.23923250834147,44.656353030302,174.7525177001953,102.16999816894533,87.35694122314453,35.05372619628906,108.14599609375,-0.423316,-1.47,-0.61,-0.17,0.87,0.46,0.021,28309.35,1562.14,4314.6,13314.3,33665.08,-0.003950894675817551,0.0584000473688067,172.15206909179688,46.436648446791594
33,231019,42.08536911010742,44.10128389994304,44.49048309996687,174.37489318847656,102.4000015258789,85.46607971191406,35.083229064941406,108.43832397460938,-0.420687,-0.92,-0.54,-0.22,-0.05,0.01,0.021,28734.51,1567.78,4278.0,13186.18,33414.17,-0.2087721522921342,0.004965607436618523,130.06669998168945,49.60327125135106
34,231020,41.37162780761719,43.96183573404948,44.2892668756022,171.81085205078125,101.80999755859376,84.06761932373047,34.34556579589844,105.85599517822266,-0.416083,-1.32,0.09,-0.15,0.2,0.36,0.021,29686.66,1605.03,4224.16,12983.81,33127.28,-0.42380180156142444,-0.08078787436299008,88.695068359375,51.095707149642564
35,231023,42.95904541015625,43.88842976888021,44.203446135896016,171.93008422851562,100.01000213623048,84.91358184814453,33.29316711425781,105.88523864746094,-0.390738,-0.23,-0.58,-0.77,0.18,-0.43,0.021,33106.86,1766.77,4217.04,13018.33,32936.41,-0.460811375017947,-0.15679257449398148,131.65411376953125,53.81733441960444
36,231024,43.64678192138672,43.84821141560872,44.167532561714594,172.3673553466797,101.66999816894533,86.77391815185547,34.020999908447266,106.59659576416016,-0.378888,0.71,0.09,-0.58,-0.91,0.15,0.021,33919.92,1784.81,4247.68,13139.87,33141.38,-0.4296935917544005,-0.2113727779460653,175.30089950561523,54.01279135159767
37,231025,41.763484954833984,43.72472381591797,44.012432716109394,170.0418701171875,96.05999755859376,83.6736831665039,32.28995132446289,102.10431671142578,-0.365386,-1.58,-0.02,0.85,1.48,0.21,0.021,34489.91,1787.24,4186.77,12821.22,33035.93,-0.5506515892202302,-0.27922854020089827,133.53741455078125,49.66201592924955
38,231026,40.31102752685547,43.54962209065755,43.77363238131882,165.85787963867188,93.66999816894533,81.42041015625,31.98504447937012,102.92285919189452,-0.350228,-1.15,1.18,1.68,-0.76,0.47,0.021,34140.0,1803.2,4137.23,12595.61,32784.3,-0.7550095690767051,-0.37438474597605964,93.22638702392578,44.75618394233085
39,231027,40.48495864868164,43.43633092244466,43.5614601285485,167.1796417236328,96.43000030517578,82.56379699707031,34.95536804199219,103.74141693115234,-0.333407,-0.53,-0.58,-0.58,0.43,-0.96,0.021,33905.16,1779.85,4117.37,12643.01,32417.59,-0.8926398481694804,-0.47803576641474377,133.7113494873047,43.520062992462904
40,231030,41.14571762084961,43.34286562601725,43.4056055271036,169.23684692382812,96.18000030517578,82.84840393066406,35.102901458740234,105.07642364501952,-0.273015,1.15,-0.33,0.28,-0.15,0.17,0.021,34485.49,1809.43,4166.82,12789.48,32928.96,-0.9375877962041841,-0.5699461723726319,174.85706329345703,44.220888432344125
41,231031,40.76485443115234,43.251566314697264,43.23523473476463,169.71389770507812,98.5,82.86022186279297,35.89957427978516,106.20680236816406,-0.249702,0.63,0.05,-0.07,-0.85,0.06,0.021,34667.88,1815.73,4193.8,12851.24,33052.87,-0.9925003039341078,-0.6544569986849271,134.09220504760742,39.64608857500655
42,231101,42.30928802490234,43.25443204243978,43.17549623735416,172.8940887451172,108.04000091552734,83.99967193603516,36.67658233642578,108.05828094482422,-0.224803,0.93,-0.68,-0.02,0.12,-0.71,0.021,35469.43,1848.91,4237.86,13061.47,33274.58,-0.9010100036392714,-0.703767599675796,176.40149307250977,46.960133071425844
43,231102,43.489845275878906,43.337367884318034,43.19577657437529,176.47183227539062,107.83000183105467,85.80779266357422,37.07984161376953,114.3630599975586,-0.200912,1.95,0.71,1.64,-0.23,0.53,0.021,34935.25,1801.48,4317.78,13294.19,33839.08,-0.7248864457718796,-0.7079913688950128,219.8913345336914,48.679841042680465
44,231103,44.98828887939453,43.45049260457357,43.31142252953782,175.55751037597656,112.25,86.92853546142578,37.51259613037109,116.46791076660156,-0.178019,1.1,1.73,0.6,-1.19,0.18,0.021,34735.91,1834.86,4358.34,13478.28,34061.32,-0.4591028221064022,-0.6582136595372907,264.87962341308594,50.750652570458
45,231106,45.7340087890625,43.56808230082194,43.4677186633586,178.12155151367188,111.75,86.74635314941406,37.44845581054688,116.86743927001952,-0.114684,0.01,-1.22,-0.66,0.87,-0.2,0.021,35063.96,1901.98,4365.98,13518.78,34095.86,-0.18614791589939728,-0.563800510809712,310.6136360168457,49.97354588659648
46,231107,45.93793869018555,43.70283241271973,43.62708769734744,180.69554138183597,113.4499969482422,88.4195556640625,38.25761795043945,117.63728332519533,-0.0945845,0.35,-0.41,-1.2,-1.26,-0.05,0.021,35420.95,1886.39,4378.38,13639.86,34152.6,0.04609459489958567,-0.44182148966785256,356.55157470703125,51.66327158908245
47,231108,46.55670547485352,43.83964831034343,43.81609529589622,181.7589263916016,113.58999633789062,89.73036193847656,37.418853759765625,116.9941177368164,-0.0748851,-0.04,-1.01,-0.46,0.45,0.04,0.021,35581.68,1888.43,4382.78,13650.41,34112.27,0.27688599678228343,-0.2980799923778254,403.10828018188477,51.88385866965197
48,231109,46.93256759643555,43.96830050150553,44.01715777885377,181.2819061279297,113.48999786376952,89.75498962402344,37.30044174194336,117.0331039428711,-0.055578,-0.89,-1.01,0.5,0.53,-0.3,0.021,36669.3,2121.15,4347.35,13521.45,33891.94,0.4845333783632242,-0.14155731822961548,450.0408477783203,50.36065175176302
49,231110,48.31705093383789,44.12944056193034,44.29456999435615,185.49127197265625,118.58999633789062,94.2989730834961,38.346435546875,121.03814697265624,-0.0366556,1.49,-0.61,-0.45,0.74,-0.37,0.021,37305.81,2077.74,4415.24,13798.11,34283.1,0.7521414406668328,0.03718243354967417,498.3578987121582,53.27675673905648
50,231113,48.60194396972656,44.25732612609863,44.572464843431845,183.89907836914065,116.79000091552734,93.25603485107422,37.72475814819336,120.68734741210938,0.0166902,-0.05,0.06,-0.26,-0.29,-0.17,0.021,36470.45,2057.4,4411.55,13767.74,34337.87,0.9759609745007722,0.2249381417398938,546.9598426818848,57.89316406220203
51,231114,49.63755798339844,44.46188367207845,44.89924529211984,186.5261993408203,119.87999725341795,95.81952667236328,38.88916397094727,124.10770416259766,0.0317739,2.18,3.23,1.19,-0.98,-0.24,0.021,35552.8,1980.17,4495.7,14094.38,34827.7,1.2228091804527423,0.4245123494824635,596.5974006652832,58.72236666868567
52,231115,48.86984634399414,44.62339007059733,45.15541285580868,187.09341430664065,118.0,96.0598373413086,40.07330322265625,125.62786102294922,0.0453212,0.18,0.13,0.5,-0.13,0.5,0.021,37876.32,2058.25,4502.88,14103.84,34991.21,1.3410313662081208,0.6078161528275949,547.7275581359863,63.00988210637467
53,231116,49.46162796020508,44.78306414286296,45.43323318512457,188.7851409912109,119.83000183105467,94.49888610839844,42.77709197998047,125.4134750366211,0.0573373,-0.11,-1.5,-0.3,-0.45,-0.37,0.021,36150.03,1960.91,4508.24,14113.67,34945.47,1.465581131687678,0.7793691485996115,597.1891860961914,70.37599019091046
54,231117,49.27969741821289,44.90088717142741,45.68139216790447,188.76524353027344,120.62000274658205,96.28929901123048,43.23101425170898,126.16382598876952,0.0678271,0.25,1.22,0.62,0.03,0.36,0.021,36626.6,1960.65,4514.02,14125.48,34947.28,1.5319480997912294,0.9298849388379351,547.9094886779785,70.03508676506145
55,231120,50.39027786254883,45.07202377319336,45.98519149108781,190.5166473388672,121.52999877929688,98.06002044677734,44.14872360229492,126.20279693603516,0.0908393,0.73,-0.11,-0.28,-0.3,-0.31,0.021,37476.08,2022.48,4547.38,14284.53,35151.04,1.6550805302249643,1.0749240571153411,598.2997703552246,74.57241216309899
56,231121,49.92545318603516,45.21017252604167,46.2394019230199,189.71060180664065,119.16000366210938,96.63103485107422,43.063262939453125,123.7763900756836,0.0965855,-0.32,-0.96,-0.62,0.42,-0.03,0.021,35734.18,1937.09,4538.19,14199.98,35088.29,1.6956101555653404,1.199061276805341,548.3743171691895,70.21758624736238
57,231122,48.69790649414063,45.27381540934245,46.398015121156725,190.3773193359375,122.51000213623048,95.72499084472656,43.09286117553711,124.24412536621094,0.101484,0.42,0.19,-0.04,-0.38,0.01,0.021,37443.86,2064.29,4556.62,14265.86,35273.03,1.6101169902470929,1.2812724194936913,499.6764106750488,64.21378237338598
58,231124,47.75825881958008,45.30150515238444,46.48577277911952,189.0438690185547,122.30999755859376,96.4015655517578,43.3790283203125,124.4877471923828,0.108745,0.11,0.63,0.18,-0.51,0.23,0.021,37745.94,2082.1,4559.34,14250.85,35390.15,1.4498286047450932,1.3149836565439719,451.91815185546875,67.8153562495352
59,231127,48.22408676147461,45.39417088826497,46.59792206830373,188.86474609375,122.6500015258789,93.58201599121094,43.4974479675293,124.9262466430664,0.113452,-0.23,-0.14,-0.08,0.13,-0.25,0.021,37244.39,2027.63,4550.43,14241.02,35333.47,1.3448843367707823,1.320963792589334,500.14223861694336,74.981074770013
60,231128,47.80323791503906,45.451682535807294,46.67568438099633,189.4717712402344,122.01000213623048,93.19892120361328,43.64546203613281,123.35736083984376,0.113566,0.06,-0.3,0.05,-0.16,0.03,0.021,37840.46,2048.79,4554.89,14281.76,35416.98,1.2137647392203164,1.2995239819155306,452.3390007019043,72.74872693397892
61,231129,48.12212371826172,45.59169731140137,46.76900329402618,188.44679260253903,123.8499984741211,92.65528869628906,44.3460807800293,125.4363784790039,0.112974,0.01,0.58,0.69,-0.76,-0.06,0.021,37864.76,2028.64,4550.58,14258.49,35430.42,1.1226418167330579,1.2641475488790361,500.461124420166,72.15696052361852
62,231130,46.75263214111328,45.74410730997722,46.767947090612445,189.0239715576172,121.16000366210938,91.16820526123048,44.1092529296875,126.55432891845705,0.111678,0.35,-0.4,0.01,-0.11,0.18,0.021,37743.0,2054.06,4567.8,14226.22,35950.89,0.9292083833681488,1.1971597157768588,453.70849227905273,67.89340237507292
63,231201,46.74763107299805,45.89951616923015,46.76663662590811,190.30767822265625,121.38999938964844,91.58872985839844,43.16194152832031,127.16234588623048,0.109675,0.82,2.23,1.07,-0.37,0.57,0.021,38714.0,2088.87,4594.63,14305.03,36245.5,0.7666697576813988,1.1110617241577667,406.9608612060547,64.60715108044093
64,231204,45.49309539794922,46.03689842224121,46.68447292182672,188.50650024414065,118.56999969482422,90.99488067626952,41.79030990600586,127.43692016601562,0.0981634,-0.44,1.51,0.5,-0.44,0.77,0.021,41856.31,2239.11,4569.78,14185.49,36204.44,0.5305107833339662,0.9949515359930067,361.46776580810547,56.561013158233386
65,231205,46.55279922485352,46.15669034322103,46.67597809071215,192.4770355224609,118.37999725341795,89.92634582519531,41.365989685058594,128.22145080566406,0.0916471,-0.21,-1.05,-0.85,0.18,-0.41,0.021,44060.06,2293.56,4567.18,14229.91,36124.56,0.423975017164274,0.8807562322272602,408.020565032959,55.27566866402519
66,231206,45.4901008605957,46.21813418070475,46.59946988231754,191.3824157714844,116.81999969482422,88.99272918701172,40.72458267211914,127.44673919677734,0.0836827,-0.39,0.36,0.32,-0.22,0.27,0.021,43778.51,2233.53,4549.34,14146.71,36054.43,0.25090154148183075,0.7547852940781743,362.5304641723633,49.194722497896755
67,231207,46.58279037475586,46.378777821858726,46.598394031165,193.32290649414065,128.3699951171875,90.82647705078124,41.59295654296875,130.3690948486328,0.074267,0.81,0.09,0.49,0.08,-0.19,0.021,43305.91,2358.5,4585.59,14339.99,36117.38,0.1996095027863447,0.6437501358198084,409.11325454711914,52.01097109618647
68,231208,47.49253463745117,46.61816139221192,46.656080521893145,194.75587463378903,128.9199981689453,92.99703216552734,42.135684967041016,130.3985137939453,0.0633964,0.45,0.16,0.53,-0.13,-0.08,0.021,44223.94,2359.06,4604.37,14403.97,36247.87,0.22972087231074312,0.5609442831179954,456.6057891845703,52.86636527935967
69,231211,46.61378479003906,46.822455469767256,46.653351764999336,192.23822021484372,134.41000366210938,101.36213684082033,43.95136642456055,133.46800231933594,0.0225704,0.35,-0.44,-0.12,0.02,0.64,0.021,41205.53,2223.13,4622.44,14432.49,36404.93,0.1805947965341943,0.48487438580123515,409.99200439453125,49.052775568100024
70,231212,47.64349365234375,47.03904813130696,46.7172318867635,193.76077270507807,137.61000061035156,105.6008071899414,43.45797348022461,134.03677368164062,0.00695366,0.34,-0.64,-0.89,-0.37,-0.22,0.021,41452.65,2201.29,4643.7,14533.4,36577.94,0.22218966297248954,0.43233744123548606,457.635498046875,47.95550130391517
71,231213,48.07437133789063,47.28269869486491,46.80478951681669,196.9949188232422,138.19000244140625,107.31539154052734,43.98097229003906,136.1157684326172,-0.00958352,1.55,1.92,1.35,-0.99,0.17,0.021,42927.11,2262.0,4707.09,14733.96,37090.24,0.28661847102227966,0.4031936471928448,505.7098731994629,48.41269859487804
72,231214,48.33629608154297,47.4835989634196,46.90359639196032,197.1441802978516,138.0,108.96991729736328,44.58290863037109,138.76358032226562,-0.0270476,0.51,1.84,2.03,0.03,0.38,0.021,43031.34,2315.38,4719.55,14761.56,37248.35,0.35472424745767484,0.3934997672458108,554.0461654663086,45.89369363773441
73,231215,48.87614059448242,47.66314226786296,47.03085730825207,196.60682678222656,139.14999389648438,111.2596206665039,45.54995727539063,140.36204528808594,-0.0454455,-0.06,-0.59,-0.57,0.14,-0.35,0.021,41939.81,2221.97,4719.19,14813.92,37305.16,0.4471058563002046,0.4042209850566896,602.922306060791,50.02016431904814
74,231218,50.062801361083984,47.832292811075845,47.22646684809266,194.93499755859372,138.89999389648438,112.9594268798828,45.08616256713867,138.91064453125,-0.10615,0.42,-0.51,-0.36,0.35,-0.24,0.021,42638.28,2216.31,4740.56,14905.19,37306.02,0.6090520878753196,0.44518720562041564,652.9851112365723,51.85414215085901
75,231219,49.58993911743164,47.96082369486491,47.3789489299855,195.9798889160156,140.14999389648438,112.7447509765625,46.04335021972656,140.46009826660156,-0.128027,0.72,1.51,0.68,-0.38,0.05,0.021,42252.2,2176.64,4768.37,15003.22,37557.92,0.6912707650772134,0.4944039175117752,603.3951721191406,50.939974239934756
76,231220,48.09735870361328,48.03280448913574,47.42529819374841,193.88018798828125,135.47000122070312,109.85582733154295,45.15524291992188,137.72406005859375,-0.150711,-1.56,-0.35,0.15,0.76,0.09,0.021,43647.01,2199.42,4698.35,14777.94,37082.0,0.6287431342603895,0.5212717608614981,555.2978134155273,43.210043617412076
77,231221,48.97611618041992,48.11345151265462,47.52535096708206,193.7308807373047,139.91000366210938,111.5288314819336,46.457801818847656,139.68539428710938,-0.174212,1.09,0.74,-0.02,-0.57,-0.17,0.021,43876.98,2241.29,4746.75,14963.87,37404.35,0.6426893973342303,0.5455552881560445,604.2739295959473,47.25602864827686
78,231222,48.816162109375,48.17623812357585,47.60862910529451,192.6561737060547,139.60000610351562,111.00347900390624,47.36563873291016,140.71507263183594,-0.198538,0.2,0.61,0.1,-0.65,0.2,0.021,44015.6,2327.03,4754.63,14992.97,37385.97,0.6335319921111946,0.5631506289470746,555.4577674865723,50.364289306816204
79,231226,49.26502990722656,48.20783754984538,47.7154936731611,192.1088409423828,143.41000366210938,111.98394012451172,49.83259963989258,142.64698791503906,-0.307171,0.48,0.83,0.43,-0.33,-0.16,0.021,42520.26,2230.14,4774.75,15074.57,37545.33,0.6549447668549604,0.5815094565286518,604.7227973937988,54.78637149632653
80,231227,49.40298843383789,48.23453928629557,47.82436454899168,192.2083740234375,146.07000732421875,111.41802215576172,50.08916091918945,142.90196228027344,-0.338652,0.16,0.17,0.1,-0.32,-0.14,0.021,43444.45,2380.88,4781.58,15099.18,37656.52,0.6752629421933065,0.6002601536615828,654.125789642334,53.82454630980158
81,231228,49.50796508789063,48.2302193959554,47.93298393859806,192.6362762451172,148.75999450683594,111.0460205078125,49.72405624389648,143.0392303466797,-0.371981,-0.01,-0.38,0.02,-0.32,0.15,0.021,42613.04,2347.4,4783.35,15095.14,37710.1,0.6918603380657373,0.6185801905424138,703.6337547302246,55.64610764704158
82,231229,49.50796508789063,48.25149014790853,48.0345956256492,191.5913848876953,147.41000366210938,110.43658447265624,49.58590316772461,141.83302307128906,-0.407173,-0.43,-1.14,-0.36,0.69,-0.06,0.021,42056.3,2297.44,4769.83,15011.35,37689.54,0.6969795475035028,0.6342600619346316,703.6337547302246,54.68899479536937
83,240102,48.15434646606445,48.20791409810384,48.04232148632116,184.7349853515625,138.5800018310547,107.3824462890625,47.16828536987305,137.5181121826172,-0.560849,-0.7,-0.26,0.79,0.66,0.64,0.022,45030.04,2357.69,4742.83,14765.94,37715.04,0.5850665645811048,0.6244213624639262,655.4794082641602,54.74780066759749
84,240103,47.55551910400391,48.15044148763021,48.01091488101037,183.3517608642578,135.32000732421875,104.7309799194336,46.42819213867188,134.93899536132812,-0.59547,-1.01,-1.93,-0.14,0.35,-0.18,0.022,42836.3,2209.48,4704.81,14592.21,37430.19,0.44294832327148015,0.5881267546254371,607.9238891601562,52.63060616863315
85,240104,47.9843978881836,48.070245361328126,48.009204107279615,181.02316284179688,136.00999450683594,103.78417205810548,46.25057601928711,133.53663635253906,-0.627306,-0.33,0.24,0.09,-0.43,0.24,0.022,44230.11,2270.25,4688.68,14510.3,37440.34,0.3607668312595038,0.5426547699522504,655.9082870483398,58.57302482275834
86,240105,49.08308029174805,48.042166264851886,48.07848644176145,180.29672241210935,138.5800018310547,103.81088256835938,46.27030944824219,134.08580017089844,-0.656368,0.15,-0.59,0.65,0.11,-0.15,0.022,44174.5,2269.69,4697.24,14524.07,37466.11,0.3799124998392074,0.5101063159296418,704.9913673400879,58.68386145369824
87,240108,52.238189697265625,48.16017557779948,48.346854147619965,184.6553649902344,146.17999267578125,106.34065246582033,47.809696197509766,136.34132385253906,-0.727225,1.49,0.55,-1.31,-0.98,-0.49,0.022,47000.31,2332.28,4763.54,14843.77,37683.01,0.642272819538789,0.5365396166514713,757.2295570373535,70.25080964499256
88,240109,53.12493896484375,48.33906491597494,48.65511768421505,184.23741149902344,149.25999450683594,107.09652709960938,47.41497802734375,137.1846923828125,-0.745697,-0.21,-0.75,-0.9,-0.3,-0.18,0.022,46103.0,2344.77,4756.5,14857.71,37525.16,0.9112442615086351,0.6114805456229041,810.3544960021973,69.87849554520757
89,240110,54.3345947265625,48.54274838765462,49.02153531180539,185.2823028564453,148.5399932861328,106.90656280517578,46.84264755249024,136.61590576171875,-0.761641,0.5,-0.29,-0.44,0.24,-0.18,0.022,46590.34,2580.54,4783.45,14969.65,37695.73,1.2080890786704543,0.7308022522324142,864.6890907287598,70.417656943794
90,240111,54.80646133422852,48.77618916829427,49.39475634551011,184.68521118164065,148.02000427246094,108.82691192626952,47.01039505004883,136.34132385253906,-0.775064,-0.14,-0.66,-0.51,0.45,-0.13,0.022,46324.98,2621.0,4780.24,14970.18,37711.02,1.4645341881276224,0.8775486394114559,919.4955520629883,75.05655531851
91,240112,54.69449234008789,48.99526786804199,49.7366745506637,185.0135955810547,146.55999755859375,109.58869934082033,46.49726486206055,137.4886932373047,-0.78597,-0.01,-0.21,-0.5,0.11,-0.28,0.022,42797.41,2524.19,4783.83,14972.76,37592.98,1.6398308733477762,1.03000508619872,864.8010597229004,72.84741067285498
92,240116,56.36602020263672,49.31571413675944,50.16437427014584,182.7347717285156,158.74000549316406,110.3089599609375,46.43806838989258,138.39089965820312,-0.80035,-0.47,-0.87,-0.64,0.13,-0.27,0.022,43152.59,2587.34,4765.98,14944.35,37361.12,1.89182530381364,1.202369129721704,921.1670799255371,74.86805750210227
93,240117,56.03711318969727,49.62536341349284,50.54326065205238,181.78939819335935,160.1699981689453,109.19196319580078,45.45127868652344,136.625732421875,-0.794563,-0.59,-0.16,-0.24,0.26,-0.23,0.022,42705.07,2526.78,4739.21,14855.62,37266.67,2.0414599784590877,1.3701872994691808,865.1299667358398,73.00364006311995
94,240118,57.09081268310547,50.011953862508136,50.965683363733234,187.71038818359372,162.6699981689453,113.17313385009766,46.122291564941406,142.48025512695312,-0.784883,0.87,-0.27,-0.34,0.71,-0.24,0.022,41234.95,2465.22,4780.94,15055.65,37468.61,2.2194864212770113,1.540047123830747,922.2207794189453,73.8077217244561
95,240119,59.47413635253906,50.442665100097656,51.51461606073344,190.6261138916016,174.22999572753906,119.83049011230467,47.51365661621094,149.0212860107422,-0.771305,1.19,-0.37,0.65,-0.05,-0.27,0.022,41633.68,2488.81,4839.81,15310.97,37863.8,2.5237955256801,1.7367968042006177,981.6949195861816,75.50665941309327
96,240122,59.63709259033203,50.914231618245445,52.03864705068801,192.9447479248047,168.17999267578125,120.75059509277344,47.58273315429688,149.91366577148438,-0.708114,0.39,1.83,0.58,-0.43,0.09,0.022,39547.64,2313.9,4850.43,15360.29,38001.81,2.7464524950998452,1.938727942380463,1041.332015991211,77.69510216202075
97,240123,59.85603332519531,51.35667292277018,52.54299455226913,194.22845458984372,168.4199981689453,121.32540130615234,48.24387741088867,150.531494140625,-0.680851,0.22,-0.69,-0.58,-0.18,0.21,0.022,39866.78,2239.9,4864.6,15425.94,37905.45,2.907065288190111,2.132395411542393,1101.1880493164062,84.86070717859148
98,240124,61.344608306884766,51.8184087117513,53.11084060095401,193.55177307128903,178.2899932861328,124.05206298828124,48.44123458862305,151.38465881347656,-0.650637,-0.01,-0.76,0.02,0.25,-0.4,0.022,40051.8,2232.81,4868.55,15481.92,37806.39,3.1185192951256298,2.3296201882590406,1162.532657623291,85.38901518409388
99,240125,61.59953308105469,52.31793365478516,53.65849818031536,193.223388671875,180.3300018310547,121.6904754638672,48.89515686035156,151.48272705078125,-0.617458,0.46,0.2,0.56,-0.2,0.52,0.022,39944.5,2217.52,4894.16,15510.5,38049.13,3.268985586873555,2.5174932679819433,1224.1321907043457,86.37837248695905
100,240126,61.013702392578125,52.763607279459634,54.13302748433232,191.4819183349609,177.25,119.2052230834961,43.07312774658203,147.8052520751953,-0.581302,-0.02,0.32,-0.22,0.25,0.02,0.022,41792.29,2265.82,4890.97,15455.36,38109.43,3.3028859532719608,2.674571805039947,1163.1184883117676,83.17526172083197
101,240129,62.447296142578125,53.24270464579264,54.66943191389656,190.79527282714844,177.8300018310547,120.48049926757812,43.26061630249024,146.7461395263672,-0.455508,0.86,0.88,-0.57,-1.11,-0.3,0.022,43272.35,2315.41,4927.93,15628.04,38333.45,3.4061670984186136,2.82089086371568,1225.5657844543457,84.32240204600295
102,240130,62.75620269775391,53.72336819966634,55.1911590612422,187.12327575683597,172.05999755859375,119.52973175048828,42.35277557373047,143.15692138671875,-0.408655,-0.13,-0.96,0.85,0.99,0.13,0.022,42985.96,2346.26,4924.97,15509.9,38467.31,3.4729107738219653,2.9512948457369372,1288.3219871520996,84.4888656730647
103,240131,61.50956344604492,54.14448229471842,55.59879805381013,183.5010223388672,167.69000244140625,116.74371337890624,42.51066207885742,145.6379852294922,-0.359424,-1.74,-0.89,-0.31,-0.22,0.35,0.022,42599.49,2284.72,4845.65,15164.01,38150.3,3.3861781863041926,3.038271513850389,1226.812427520752,79.33918100296921
104,240201,63.00913619995117,54.57602666219076,56.07688438581923,185.94903564453125,170.47999572753906,118.72340393066406,42.78696441650391,138.381103515625,-0.307797,1.23,0.33,-1.35,-0.05,-0.29,0.021,43090.14,2304.03,4906.19,15361.64,38519.84,3.399260720800754,3.110469355240462,1289.8215637207031,86.05681320280847
105,240202,66.14124298095703,55.127737045288086,56.72619833578906,184.94395446777344,177.66000366210938,121.13050079345705,42.0369987487793,138.9499053955078,-0.259197,0.99,-1.57,-0.51,-0.16,-1.4,0.021,43187.41,2307.79,4958.61,15628.95,38654.42,3.62062783645478,3.2125010514833257,1355.9628143310547,90.17245632770825
106,240205,69.3123550415039,55.834903462727866,57.53820844583519,186.7650146484375,174.22999572753906,122.9865264892578,42.20475769042969,141.24462890625,-0.130905,-0.42,-0.94,-0.66,0.1,-0.15,0.021,42654.6,2298.36,4942.81,15597.68,38380.12,4.005768490390118,3.3711545392646842,1425.2751693725586,91.21399062287057
107,240206,68.20366668701172,56.47582181294759,58.226302525911095,188.37713623046875,167.8800048828125,120.96330261230467,42.29877853393555,141.3132781982422,-0.093296,0.27,0.77,-0.49,-0.75,0.59,0.021,43093.37,2372.79,4954.23,15609.0,38521.36,4.173424706757288,3.531608572763205,1357.0715026855469,86.93420051465557
108,240207,70.0791244506836,57.18458722432455,58.991000714606095,188.48660278320312,170.94000244140625,124.36766815185548,42.33836364746094,143.06866455078125,-0.0581603,0.77,-1.02,-0.62,0.62,-0.81,0.021,44393.14,2424.81,4995.06,15756.64,38677.36,4.40682806304433,3.70665247081943,1427.1506271362305,86.25467747876918
109,240208,69.62125396728516,57.8631280263265,59.67682350510152,187.4019317626953,169.35000610351562,126.11882019042967,42.061256408691406,145.31436157226562,-0.0254845,0.21,1.4,0.03,-0.52,-0.2,0.021,45345.8,2421.78,4997.91,15793.71,38726.33,4.502948396923543,3.865911656040253,1357.5293731689453,84.11694406803302
110,240209,72.11255645751953,58.62011349995931,60.479128856870425,188.1691436767578,172.47999572753906,126.97757720947266,42.862892150878906,148.079833984375,0.00474422,0.65,0.84,-0.43,-0.34,-0.43,0.021,47154.45,2489.49,5026.61,15990.66,38671.69,4.725677080557894,4.037864740943781,1429.6419296264648,84.91656082680363
111,240212,72.22752380371094,59.37743212381999,61.23708982118272,186.47525024414065,171.91000366210938,125.15320587158205,43.57545852661133,150.1392364501953,0.0804747,0.05,1.65,1.1,-0.04,0.44,0.021,49961.0,2666.22,5021.84,15942.55,38797.38,4.855496924918491,4.201391177738723,1501.8694534301758,84.70209550238638
112,240213,72.1075668334961,60.13075167338054,61.93840993431333,184.37286376953125,171.5399932861328,123.83242797851562,42.71443939208984,147.13839721679688,0.10025,-1.6,-2.52,-0.66,0.78,-0.05,0.021,49691.47,2640.16,4953.17,15655.6,38272.75,4.8923045052900775,4.339573843248995,1429.7618942260742,84.67512318560176
113,240214,73.87905883789062,60.988242085774736,62.70877437970541,183.48606872558597,178.6999969482422,124.878173828125,43.73380661010742,150.96298217773438,0.117242,1.14,1.37,-0.2,-1.53,-0.18,0.021,51833.46,2776.52,5000.62,15859.15,38424.27,5.006705805367346,4.473000235672665,1503.6409530639648,84.73589768577563
114,240215,72.63740539550781,61.8243049621582,63.3493312194346,183.19712829589844,176.75999450683594,125.1601333618164,43.595252990722656,152.96353149414062,0.131455,0.67,1.23,1.03,-0.21,0.26,0.021,51935.86,2825.16,5029.73,15906.17,38773.12,4.940230699706561,4.5664463284794445,1431.003547668457,81.77503742541751
115,240216,72.59241485595703,62.644572194417314,63.94565919598444,181.6527099609375,173.8699951171875,123.22199249267578,43.060829162597656,149.73715209960938,0.142896,-0.53,-0.64,-0.21,0.06,0.17,0.021,52181.12,2803.34,5005.57,15775.65,38627.99,4.828261149954514,4.618809292774459,1358.4111328125,80.86384234274195
116,240220,69.43231964111328,63.32287991841634,64.29963679699956,180.9053955078125,165.69000244140625,121.34915161132812,44.06040191650391,149.0212860107422,0.164226,-0.74,-0.74,0.41,0.43,0.59,0.021,52284.38,3015.82,4975.51,15630.78,38563.8,4.4334254325834195,4.581732520736251,1288.9788131713867,69.23196838812657
117,240221,67.452880859375,63.83003641764323,64.50307189779798,181.6626892089844,164.2899932861328,121.43819427490234,43.021244049072266,149.07029724121094,0.165068,-0.03,-0.64,0.12,0.86,0.19,0.021,51833.99,2966.07,4981.8,15580.87,38612.24,3.915653894418,4.448516795472601,1221.5259323120117,64.10479035031958
118,240222,78.5157470703125,64.67639643351237,65.40711496509604,183.7052764892578,181.8600006103516,129.10072326660156,42.53630065917969,151.75730895996094,0.164222,2.02,-1.55,-1.32,0.38,-1.19,0.021,51262.51,2969.08,5087.03,16041.62,39069.11,4.347876833762868,4.428388803130654,1300.0416717529297,74.20191801312254
119,240223,78.79466247558594,65.49173189798991,66.27082721548929,181.8619537353516,176.52000427246094,128.25680541992188,42.54619598388672,151.9142303466797,0.161688,0.02,0.33,-0.04,0.08,-0.11,0.021,50751.19,2924.67,5088.8,15996.82,39131.53,4.659214247815399,4.474553892067603,1378.836326599121,73.36617711224356
120,240226,79.06958770751953,66.30050277709961,67.09655369884608,180.50686645507807,176.00999450683594,129.51922607421875,42.54619598388672,153.9932403564453,0.143236,-0.25,0.97,-0.1,-0.72,0.0,0.021,54559.0,3179.13,5069.53,15976.25,39069.23,4.87197507969681,4.554038129593445,1457.9059143066406,73.38044065810574
121,240227,78.6786880493164,67.0999760945638,67.84378817306998,181.9715576171875,178.0,128.24295043945312,42.28887939453125,155.23867797851562,0.132515,0.27,1.24,-0.44,-1.12,0.68,0.021,57064.29,3243.77,5078.18,16035.3,38972.41,4.951964076901689,4.6336233190550935,1379.2272262573242,73.76531735638949
122,240228,77.6409912109375,67.8091417948405,68.47586578841627,180.76593017578125,176.5399932861328,127.56922149658205,41.5565185546875,153.61236572265625,0.119385,-0.26,-0.89,-0.01,-0.06,0.52,0.021,62479.39,3386.58,5069.76,15947.74,38949.02,4.875421645132818,4.681982984270638,1301.5862350463867,70.66068785271054
123,240229,79.0895767211914,68.5775572458903,69.16062133246629,180.0983428955078,192.52999877929688,128.66441345214844,42.60557556152344,155.5244903564453,0.103839,0.54,-0.16,0.99,0.27,-0.72,0.021,61240.13,3343.95,5096.27,16091.92,38996.39,4.8754488216859215,4.720676151753695,1380.6758117675781,71.54272564915527
124,240301,82.25567626953125,69.4163860321045,70.0054635864705,179.01226806640625,202.63999938964844,138.42738342285156,43.36763000488281,160.7484130859375,0.0858726,0.76,0.01,-0.56,-0.24,-0.16,0.021,62468.47,3438.86,5137.08,16274.94,39087.38,5.072475789261063,4.791036079255169,1462.9314880371094,76.04417184871205
125,240304,85.21283721923828,70.2743423461914,70.9865839737849,174.4687042236328,205.3600006103516,138.7330780029297,45.13915252685547,164.1685791015625,0.0327385,-0.18,-0.61,0.35,-0.19,0.24,0.021,68277.61,3633.36,5130.95,16207.51,38989.83,5.404934534326344,4.913815770269403,1548.1443252563477,76.88991592407064
126,240305,85.94366455078125,71.1512279510498,71.95155691423629,169.50665283203125,205.1300048828125,132.84542846679688,42.71443939208984,159.13194274902344,0.0155362,-1.08,0.05,1.13,0.91,0.56,0.021,63893.71,3565.18,5078.65,15939.59,38585.19,5.662112830733321,5.063475182362187,1634.087989807129,75.46278637936123
127,240306,88.67901611328125,72.111994043986,73.03074783030371,168.51025390625,210.6300048828125,133.56272888183594,44.05050277709961,165.47950744628906,-0.00138819,0.53,-0.27,-0.02,-1.08,-0.03,0.021,66092.71,3825.43,5104.76,16031.54,38661.05,6.017284978707636,5.254237141631277,1722.7670059204102,75.1847013892513
128,240307,92.6470718383789,73.15540949503581,74.29631712114728,168.3907012939453,211.3800048828125,139.20301818847656,45.67357635498047,173.1970672607422,-0.0180413,1.02,-0.48,0.05,0.4,-0.73,0.021,66914.79,3877.26,5157.36,16273.38,38791.35,6.543520765262741,5.51209386635757,1815.414077758789,79.58632196636971
129,240308,87.5073013305664,74.01900177001953,75.14863868304529,170.1144561767578,207.38999938964844,129.47865295410156,43.54576873779297,168.1210174560547,-0.0344298,-0.66,0.6,0.6,-0.36,0.57,0.021,68313.7,3893.29,5123.69,16085.11,38722.69,6.471233540256634,5.703921801137383,1727.9067764282227,69.55017780778137
130,240311,85.75371551513672,74.84366861979167,75.83283669612251,172.12718200683594,198.38999938964844,127.9352798461914,44.39689254760742,168.66311645507812,-0.0821708,-0.21,-0.63,0.4,0.45,0.64,0.021,72202.19,4072.22,5117.94,16019.27,38769.66,6.200964811283029,5.8033304031665125,1642.153060913086,67.58549763676427
131,240312,91.89126586914062,75.8251340230306,76.86886389248532,172.60543823242188,202.75999450683597,127.81260681152344,44.7729721069336,170.594970703125,-0.0977644,1.04,-1.16,-0.68,0.53,-0.77,0.021,71471.62,3982.57,5175.27,16265.64,39005.49,6.408154089277872,5.924295140388784,1734.044319152832,69.9724777257868
132,240313,90.8665008544922,76.76214396158854,77.77193724487286,170.51303100585938,194.7899932861328,124.4477996826172,42.78371810913086,166.81997680664062,-0.113225,-0.14,0.35,-0.04,-0.04,0.17,0.021,73098.48,4008.37,5165.31,16177.77,39043.32,6.415707446270346,6.0225776015650965,1643.1778182983398,68.4819973903297
133,240314,87.9231948852539,77.64259834289551,78.4268570926394,172.3762664794922,187.05999755859372,124.88312530517578,42.30867385864258,166.0314483642578,-0.128559,-0.43,-1.46,-1.07,1.03,-0.1,0.021,71456.55,3885.42,5150.48,16128.53,38905.66,6.113718204815015,6.04080572221508,1555.254623413086,64.85091323301322
134,240315,87.81621551513672,78.46950098673503,79.03262215215535,171.9976348876953,191.05999755859372,122.23462677001952,42.199806213378906,164.7993927001953,-0.143771,-0.59,0.95,0.8,-0.09,0.42,0.021,69492.42,3743.28,5117.09,15973.17,38714.77,5.798910978083498,5.992426773388765,1467.4384078979492,63.50931564483159
135,240318,88.43407440185547,79.2125951131185,79.63916745858764,173.09368896484375,190.6499938964844,122.4067611694336,42.26908874511719,164.52340698242188,-0.188755,0.53,-1.04,-0.22,0.24,-0.11,0.021,67566.95,3518.83,5149.42,16103.45,38790.43,5.535470572284709,5.901035533167954,1555.8724822998047,65.49917499963695
136,240319,89.37686157226562,79.88141199747722,80.26740578850234,175.44517517089844,181.4199981689453,122.4829559326172,41.61589813232422,161.74391174316406,-0.203567,0.54,0.45,-0.24,0.49,0.08,0.021,61977.96,3163.75,5178.51,16166.79,39110.76,5.341197201594326,5.7890678668532285,1645.2493438720703,66.18323756408462
137,240320,90.35062408447266,80.61964391072591,80.91793600114559,178.0258331298828,179.72999572753906,126.77912902832033,41.76435089111328,165.2626495361328,-0.2183,1.03,1.04,1.01,-0.24,-0.06,0.021,67862.33,3515.04,5224.62,16369.41,39512.13,5.205799436909331,5.6724141808644495,1735.599967956543,71.05678519314952
138,240321,91.41336822509766,81.33078536987304,81.5950606607554,170.7521514892578,178.67999267578125,133.9328155517578,41.982078552246094,168.39700317382812,-0.232959,0.42,0.34,0.97,0.27,0.05,0.021,65505.11,3499.59,5241.53,16401.84,39781.37,5.125170527796769,5.562965450250914,1827.0133361816406,74.57260145654062
139,240322,94.26669311523438,82.15230026245118,82.41258582745692,171.65887451171875,179.64999389648438,134.47630310058594,42.13053131103516,167.65777587890625,-0.24755,-0.23,-0.99,-0.52,0.29,-0.36,0.021,63712.44,3329.97,5234.18,16428.82,39475.9,5.231209497682059,5.496614259737143,1921.2800369262695,69.42407177002161
140,240325,94.97952270507812,82.91453247070312,83.22335594859378,170.23403930664062,178.6300048828125,134.28851318359375,41.39817428588867,165.11480712890625,-0.290533,-0.26,-0.11,0.87,-0.22,-0.17,0.021,69914.45,3591.17,5218.19,16384.47,39313.64,5.31153682993363,5.459598773776441,2016.2595596313477,69.74782640912679
141,240326,92.53910064697266,83.59158503214518,83.82437173558597,169.09814453125,177.8699951171875,132.2924346923828,41.5565185546875,164.6712646484375,-0.304033,-0.26,0.11,-0.16,-0.52,0.21,0.021,69976.26,3586.44,5203.58,16315.7,39282.33,5.119263472162956,5.391531713453744,1923.720458984375,65.60982320828093
142,240327,90.22864532470705,84.19562149047852,84.23755067681958,172.68516540527344,179.58999633789062,131.024658203125,43.318145751953125,166.70169067382812,-0.317054,0.88,1.29,0.92,-0.15,0.58,0.021,69372.26,3497.26,5248.49,16399.52,39760.08,4.725972941396506,5.258419959042297,1833.491813659668,62.81508735289377
143,240328,90.33462524414062,84.74414037068685,84.63091032632417,170.8617401123047,180.4900054931641,131.6883544921875,43.714012145996094,166.8692626953125,-0.329603,0.1,0.47,0.46,-0.06,0.07,0.021,70770.78,3560.5,5254.35,16379.46,39807.37,4.372436331760554,5.081223233585948,1923.8264389038086,64.38137890712653
144,240401,90.34162139892578,85.33428090413412,84.99934329875009,169.4169921875,183.33999633789065,134.15736389160156,44.06040191650391,169.25450134277344,-0.376056,-0.27,-0.91,-0.27,0.34,-0.31,0.021,69702.13,3506.34,5243.77,16396.83,39566.85,4.046178723091202,4.874214331487,2014.1680603027344,63.17859824839131
145,240402,89.43083953857422,85.89556172688802,85.28524628196456,168.2312774658203,178.6999969482422,133.0147705078125,43.48638534545898,168.58425903320312,-0.386634,-0.85,-1.03,0.04,0.26,0.02,0.021,65478.7,3282.75,5205.81,16240.45,39170.24,3.671798525466471,4.6337311702828945,1924.7372207641602,58.87240461341681
146,240403,88.94295501708984,86.54591649373373,85.52122749068232,169.03834533691406,180.7700042724609,135.44403076171875,39.91366195678711,171.41305541992188,-0.396195,0.16,0.33,-0.04,0.1,-0.19,0.021,65982.23,3309.6,5211.49,16277.46,39127.14,3.2977172860071136,4.366528393427739,1835.7942657470703,54.912444637359634
147,240404,85.88467407226562,87.16030960083008,85.5446756572361,168.21136474609375,165.8300018310547,130.90243530273438,39.31985092163086,167.32264709472656,-0.404743,-1.23,0.2,0.18,0.03,0.1,0.021,68415.92,3324.97,5147.21,16049.08,38596.98,2.7230874385699906,4.03784020245619,1749.9095916748047,49.926798936028405
148,240405,87.9871826171875,87.4760243733724,85.70225675142652,168.96859741210938,170.4199981689453,133.08131408691406,38.31038284301758,169.06723022460938,-0.412281,1.05,-0.5,-0.69,-0.29,-0.59,0.021,67878.68,3319.09,5204.34,16248.52,38904.04,2.409568012525341,3.71218576447002,1837.8967742919922,49.12780788535541
149,240408,87.11238861083984,87.75328216552734,85.79323300042093,167.84268188476562,169.89999389648438,132.75047302246094,37.58791732788086,171.12721252441406,-0.428431,0.01,0.54,0.14,-0.24,0.1,0.021,71607.88,3699.13,5202.39,16253.96,38892.8,2.0666895327814245,3.383086518132301,1750.7843856811523,42.43220676342533
150,240409,85.33380126953125,87.96208928426107,85.76359224358933,169.0582733154297,170.77999877929688,132.54977416992188,37.934303283691406,173.04922485351562,-0.431088,0.14,0.31,-0.33,-0.17,0.05,0.021,69100.81,3502.0,5209.91,16306.64,38883.67,1.6326189184869833,3.0329929982032375,1665.450584411621,46.72726466484346
151,240410,87.0184097290039,88.24008000691732,85.84454821039027,167.1750946044922,167.13999938964844,131.3863067626953,36.81597137451172,168.40684509277344,-0.432312,-1.01,-1.56,-1.04,0.37,-0.45,0.021,70554.77,3540.47,5160.64,16170.36,38461.51,1.4083144804821899,2.708057294659028,1752.468994140625,51.90827005280247
152,240411,90.59456634521484,88.67186559041342,86.15100050106318,174.40892028808594,170.5,137.35665893554688,37.24153137207031,172.6155548095703,-0.432103,0.72,0.05,-0.62,0.14,-0.54,0.021,70001.36,3502.38,5199.06,16442.2,38459.08,1.501805059563722,2.466806847639967,1843.0635528564453,47.87953282126024
153,240412,88.16514587402344,88.97438430786133,86.28094487161582,175.91348266601562,163.27999877929688,133.54234313964844,35.321556091308594,168.83067321777344,-0.430461,-1.53,-0.38,0.13,0.67,-0.22,0.021,67107.27,3232.53,5123.41,16175.09,37983.24,1.3641387616686984,2.2462732304457136,1754.8984069824219,45.77655304167097
154,240415,85.98065185546875,89.0985501607259,86.2615711286386,172.06739807128906,160.32000732421875,130.22581481933594,35.935157775878906,167.4014892578125,-0.417106,-1.29,-0.24,0.75,0.84,0.42,0.021,63359.28,3096.84,5061.82,15885.02,37735.11,1.0664731790836868,2.010313220173308,1668.9177551269531,46.88910810909216
155,240416,87.39432525634766,89.17126668294271,86.33465204010369,168.7693328857422,163.4600067138672,132.05099487304688,35.88566970825195,166.15957641601562,-0.410074,-0.23,-0.28,-0.82,0.04,-0.26,0.021,63840.0,3084.8,5051.41,15865.25,37798.97,0.9338775303583304,1.7950260822103126,1756.3120803833008,49.35150346401148
156,240417,84.01512145996094,89.1069819132487,86.18500490590094,167.39430236816406,154.02000427246094,127.4378662109375,35.31166076660156,161.96075439453125,-0.401776,-0.64,-0.37,0.55,-0.32,0.54,0.021,61267.8,2985.84,5022.21,15683.37,37753.31,0.5497834567978401,1.545977557127818,1672.2969589233398,43.73902953828234
157,240418,84.65097045898438,88.97271347045898,86.08603444936475,166.437744140625,155.0800018310547,125.08908081054688,34.67826843261719,159.12210083007812,-0.39221,-0.27,-0.1,0.86,-0.03,0.29,0.021,63447.36,3062.23,5011.12,15601.5,37775.38,0.2933121015080502,1.2954444660038644,1756.9479217529297,43.24538406462277
158,240419,76.18197631835938,88.423876953125,85.44706295704182,164.40512084960938,146.63999938964844,119.6959991455078,33.84693908691406,155.36680603027344,-0.381372,-0.82,1.25,1.9,-0.1,1.3,0.021,63836.5,3057.27,4967.23,15282.01,37986.4,-0.5865582501306363,0.9190439227769642,1680.7659454345703,33.322353278417495
159,240422,79.49919128417969,88.15693995157878,85.06332930072814,165.24209594726562,148.63999938964844,121.65828704833984,34.054771423339844,157.8801727294922,-0.340949,0.87,-0.12,0.55,-0.23,0.0,0.021,66828.83,3200.23,5010.6,15451.31,38239.98,-1.0046098018604255,0.5343131778494863,1760.26513671875,36.68284165099113
160,240423,82.40350341796875,88.04526646931966,84.89172763087271,166.2982635498047,152.27000427246094,124.1153793334961,33.92611312866211,159.0334014892578,-0.324512,1.27,0.58,-0.01,-0.16,-0.63,0.021,66472.3,3221.28,5070.55,15696.64,38503.69,-1.0890115049149784,0.20964824129659337,1842.6686401367188,36.75491933270538
161,240424,79.65814971923828,87.63749643961589,84.55407793524434,168.41064453125,151.74000549316406,124.87347412109376,34.14384078979492,161.28067016601562,-0.306546,-0.01,-0.3,0.28,0.23,-0.02,0.021,64198.5,3135.53,5071.63,15712.75,38460.92,-1.3617303820796423,-0.10462748337865374,1763.0104904174805,33.6365854179232
162,240425,82.61245727539062,87.36236165364583,84.42881208622153,169.27749633789062,153.75999450683594,128.60928344726562,34.74754333496094,160.9553985595703,-0.287043,-0.48,-0.39,-0.2,0.4,-0.09,0.021,64510.14,3156.67,5048.42,15611.76,38085.8,-1.3242094650417329,-0.3485438797112696,1845.622947692871,39.51333214585367
163,240426,87.7142562866211,87.3553965250651,84.64077524374478,168.68960571289062,157.39999389648438,133.54234313964844,31.55088996887207,163.28150939941406,-0.265995,1.04,0.22,-1.09,0.01,-0.45,0.021,63747.32,3130.88,5099.96,15927.9,38239.66,-0.8727415199220729,-0.45338340775343033,1933.3371963500977,47.491681610769554
164,240429,87.73623657226562,87.35273081461588,84.840482918449,172.8744659423828,160.1999969482422,133.0008544921875,31.03625869750977,166.7706756591797,-0.19249,0.34,0.34,-0.49,0.22,-0.12,0.021,63804.4,3213.68,5116.17,15983.08,38386.09,-0.5073269152732678,-0.4641721092573979,2021.0734405517578,47.40354957625044
165,240430,86.38156127929688,87.2843137105306,84.93990732882628,169.7158966064453,158.3800048828125,129.19052124023438,30.155445098876957,163.4687957763672,-0.163157,-1.67,-0.27,-0.26,-0.61,0.63,0.021,60690.8,3014.19,5035.69,15657.82,37815.92,-0.3233177924432482,-0.43600124589456796,1934.691879272461,46.1466667913861
166,240501,83.02135467529297,87.07246348063151,84.81612973827575,168.68960571289062,144.27000427246094,123.48645782470705,30.05647850036621,161.75376892089844,-0.13122,-0.27,1.0,-0.03,-1.43,-0.02,0.02,58278.09,2968.37,5018.39,15605.48,37903.29,-0.4435172367853397,-0.4375044440727224,1851.670524597168,44.04702382369581
167,240502,85.79669952392578,86.92066599527995,84.8793923050919,172.4061737060547,146.16000366210938,123.06021881103516,30.195032119750977,177.5142059326172,-0.0998071,1.01,0.7,0.02,0.03,-0.77,0.02,59071.21,2987.28,5064.2,15840.96,38225.66,-0.311241232469726,-0.41225180175212317,1937.4672241210938,47.196937461850816
168,240503,88.76799774169922,86.83248697916666,85.13027007519561,182.71885681152344,150.60000610351562,126.98876953125,30.581005096435547,177.060791015625,-0.0689046,1.19,-0.04,-0.22,0.42,-0.55,0.02,62855.86,3100.74,5127.79,16156.33,38675.68,0.03296736073349393,-0.3232079692549997,2026.235221862793,52.57279883190197
169,240506,92.11820220947266,86.76087036132813,85.5811044064393,181.0548858642578,155.77999877929688,130.1880645751953,30.774776458740234,179.23907470703125,0.0194696,1.09,-0.02,-0.05,-0.24,-0.69,0.02,63145.67,3062.88,5180.74,16349.25,38852.27,0.569523539609861,-0.14466166748202758,2118.3534240722656,53.605832719664974
170,240507,90.53257751464844,86.61263885498047,85.90055428438826,181.7423858642578,154.42999267578125,129.4727020263672,30.48660469055176,177.56346130371094,0.0456701,0.05,0.04,-0.65,0.14,0.2,0.02,62344.02,3012.07,5187.7,16332.56,38884.26,0.8569234358420204,0.055655353182782,2027.8208465576172,52.94877966220764
171,240508,90.39061737060548,86.54102274576823,86.19023577382164,182.08116149902344,153.6199951171875,131.6843719482422,29.81089210510254,177.95773315429688,0.070028,-0.09,-0.41,0.59,0.72,0.16,0.02,61156.89,2975.87,5187.67,16302.76,39056.39,1.0610049381506172,0.25672527017634905,1937.4302215576172,54.48644741010291
172,240509,88.72601318359375,86.49093500773112,86.35383431638759,183.9045867919922,152.38999938964844,129.72705078125,29.90032386779785,177.94786071777344,0.0925529,0.52,0.51,0.39,0.02,0.08,0.02,63088.62,3037.21,5214.08,16346.26,39387.76,1.0760170820904733,0.42058363255917397,1848.7042083740234,51.515534809041895
173,240510,89.85673522949219,86.47500508626302,86.57982743146567,182.63743591308597,151.9199981689453,132.42259216308594,29.66183853149414,179.46575927734375,0.113254,0.08,-0.91,0.01,0.49,-0.06,0.02,60801.1,2909.26,5222.68,16340.87,39512.84,1.1657164796410626,0.5696102019755518,1938.5609436035156,49.31545131456452
174,240513,90.37762451171876,86.47620519002278,86.82484659793361,185.86013793945312,150.55999755859375,132.89056396484375,30.317676544189453,181.565185546875,0.164582,-0.04,0.25,-0.26,0.13,0.24,0.02,62909.03,2949.84,5221.42,16388.24,39431.51,1.264261688501989,0.7085404992808393,2028.9385681152344,52.12809082233773
175,240514,91.33439636230467,86.53965682983399,87.11578480019017,187.00755310058597,153.16000366210938,137.11521911621094,30.854272842407227,186.2568359375,0.178246,0.57,0.51,0.04,-0.16,-0.02,0.02,61558.14,2883.05,5246.68,16511.18,39558.11,1.4033850043883405,0.8475094003023396,2120.2729568481445,55.274099868667044
176,240515,94.60760498046876,86.7284787495931,87.5991285298465,189.2924041748047,159.6699981689453,142.69308471679688,31.072887420654297,191.81585693359372,0.190214,1.15,-0.47,-0.21,-0.4,-0.38,0.02,66293.39,3033.51,5308.15,16742.39,39908.0,1.757503029410671,1.029508126124006,2214.8805618286133,56.8548368971089
177,240516,94.33667755126952,87.01021219889323,88.0338091118738,189.41212463378903,162.6199951171875,140.30455017089844,31.828094482421875,190.49508666992188,0.200489,-0.25,-0.22,-0.01,-0.04,0.39,0.02,65282.62,2944.78,5297.1,16698.32,39869.38,1.9933049574617172,1.2222674923915484,2120.5438842773438,60.42449833045226
178,240517,92.45711517333984,87.15920995076497,88.31918369648452,189.44204711914065,164.47000122070312,138.6313934326172,31.629356384277344,191.0766143798828,0.209075,0.11,-0.23,0.41,-0.19,-0.1,0.02,66941.22,3089.25,5303.27,16685.97,40003.59,2.0053977318268466,1.3788935402786082,2028.086769104004,57.69079511117125
179,240520,94.75758361816406,87.41404978434245,88.73456433659287,190.6094207763672,166.3300018310547,140.49334716796875,31.897653579711918,194.92062377929688,0.225269,0.14,0.16,-0.88,0.15,-0.66,0.02,71466.21,3674.27,5308.13,16794.87,39806.77,2.1755317445852,1.5382211811399267,2122.844352722168,70.83333618556384
180,240521,95.36344146728516,87.74837112426758,89.16223382889561,191.91647338867188,164.66000366210938,139.01986694335938,31.5399227142334,197.96627807617188,0.2282,0.15,-0.43,0.19,0.41,-0.31,0.02,70191.19,3792.14,5321.41,16832.62,39872.99,2.3323657796438795,1.6970501008407175,2218.207794189453,68.9446076592243
181,240522,94.9275360107422,88.01200892130534,89.5341893005886,190.4697265625,165.52000427246094,138.32835388183594,31.22194099426269,200.01638793945312,0.229989,-0.35,-0.4,-0.38,-0.44,-0.05,0.02,69145.91,3737.52,5307.01,16801.54,39671.04,2.3938893048928946,1.836417941651153,2123.2802505493164,65.89277440009666
182,240523,103.77445220947266,88.45133870442709,90.45291593987145,186.45880126953125,160.42999267578125,138.43267822265625,29.8903865814209,198.8631896972656,0.230637,-0.85,-0.67,-0.64,1.3,-0.64,0.02,67903.82,3777.04,5267.84,16736.03,39065.26,3.120547003369566,2.0932437539948356,2227.054702758789,76.49954729888333
183,240524,106.44381713867188,89.06062800089518,91.48458698495534,189.5518035888672,166.36000061035156,139.87831115722656,30.526351928710938,207.3397216796875,0.230144,0.72,0.13,0.23,0.34,-0.34,0.02,68567.61,3728.04,5304.72,16920.79,39069.59,3.8672453244756326,2.448044068090995,2333.4985275268555,76.35146341574526
184,240528,113.87405395507812,89.99040832519532,92.92906921718227,189.5617828369141,171.61000061035156,140.33633422851562,30.86421012878418,210.02066040039065,0.217168,-0.04,0.1,-0.83,0.15,-1.07,0.02,68350.32,3840.31,5306.04,17019.88,38852.86,5.00091904026651,2.958619062526098,2447.3725814819336,77.50956908854653
185,240529,114.79783630371094,90.90385869344075,94.33995741631315,189.86111450195312,165.13999938964844,138.17236328125,29.94007110595703,205.26986694335935,0.211374,-0.77,-0.38,-0.66,0.44,-0.04,0.02,67573.57,3763.6,5266.95,16920.58,38441.54,5.90582645178543,3.5480605403779646,2562.1704177856445,77.9281901721902
186,240530,110.4738540649414,91.7858164469401,95.38085397428918,190.85885620117188,166.75,135.5304718017578,29.99969482421875,202.68679809570312,0.20457,-0.52,1.64,0.42,-0.02,0.7,0.02,68356.11,3747.69,5235.48,16737.08,38111.48,6.202563573366689,4.078961146975709,2451.696563720703,73.42795844816118
187,240531,109.60707092285156,92.6176867167155,96.29867442258352,191.81668090820312,166.89999389648438,132.0003204345703,30.65553474426269,201.94454956054688,0.196754,0.68,-0.1,0.95,1.03,0.91,0.02,67506.03,3762.04,5277.51,16735.02,38686.32,6.29522034306143,4.522212986192854,2342.0894927978516,77.17020144187578
188,240603,114.97279357910156,93.91071421305338,97.50345679586822,193.5926818847656,163.5500030517578,131.33961486816406,30.099063873291016,203.7853546142578,0.170541,0.04,-0.32,-0.62,0.35,-0.43,0.022,68794.57,3763.81,5283.4,16828.67,38571.03,6.724109131291669,4.962592215212617,2457.062286376953,78.31817888981945
189,240604,116.40945434570312,95.14105631510417,98.72319857327692,193.91195678710935,159.99000549316406,132.2258758544922,29.8407039642334,202.26123046875,0.162257,-0.06,-1.33,-0.68,-0.15,-0.05,0.022,70596.56,3812.36,5291.34,16857.05,38711.29,7.098110503664856,5.389695872903065,2573.4717407226562,77.65243977367109
190,240605,122.41104125976562,96.47464065551758,100.25144599631528,195.42852783203125,166.1699981689453,140.3999481201172,30.585975646972656,209.71353149414065,0.15424,1.23,0.35,-0.67,-0.47,-0.72,0.022,71164.39,3867.94,5354.03,17187.9,38807.33,7.789000443783721,5.869556787079197,2695.882781982422,78.7782276166812
191,240606,120.96937561035156,97.85168126424152,101.58808661657568,194.0416717529297,166.77999877929688,139.2255401611328,30.22824478149414,207.2789306640625,0.146487,-0.06,-0.57,-0.08,-0.04,-0.17,0.022,70770.7,3811.6,5352.96,17173.12,38886.17,8.126527775903256,6.320950984844009,2574.9134063720703,78.99429476790243
192,240607,120.85940551757812,99.12657953898112,102.83139751341456,196.44622802734372,167.8699951171875,139.75909423828125,30.546226501464844,204.48802185058597,0.138994,-0.23,-0.95,0.09,0.37,0.2,0.022,69283.58,3674.78,5346.99,17133.13,38798.99,8.289589720722631,6.714678732019734,2454.054000854492,79.04245797152713
193,240610,121.76119232177734,100.26147791544597,104.05267459782506,192.68472290039065,160.33999633789062,143.1203155517578,30.71515464782715,207.1898498535156,0.117253,0.28,-0.13,-0.29,-0.22,-0.47,0.022,69490.62,3664.27,5360.79,17192.53,38868.04,8.394813955651458,7.050705776746079,2575.8151931762695,81.95339277420189
194,240611,120.8913345336914,101.36664733886718,105.13903926275871,206.68310546875,158.9600067138672,145.16310119628906,30.7250919342041,206.3684234619141,0.109177,0.2,-0.21,-1.04,0.26,-0.19,0.022,67316.44,3498.6,5375.32,17343.55,38747.42,8.312196835185418,7.303003988433947,2454.923858642578,80.17057885585841
195,240612,125.18065643310548,102.6599505106608,106.43204682213594,212.58978271484372,160.24000549316406,148.58892822265625,30.56610107421875,213.16754150390625,0.100548,0.94,0.75,0.05,0.07,-0.38,0.022,68270.98,3559.08,5421.03,17608.44,38712.21,8.494910560868291,7.5413853029208155,2580.1045150756836,81.52429982404121
196,240613,129.58999633789062,104.21223805745444,107.92610709677888,213.75714111328125,159.89999389648438,166.81887817382812,30.26799201965332,215.56256103515625,0.0913625,0.04,-1.02,-0.62,0.97,-0.02,0.022,66764.3,3469.35,5433.74,17667.56,38647.1,8.892996457316443,7.811707533799941,2709.694511413574,82.6118633103847
197,240614,131.85963439941406,105.747669728597,109.47020661687078,212.01107788085935,159.6300048828125,172.38783264160156,30.258056640625,213.108154296875,0.0816171,-0.17,-1.46,-0.65,0.12,0.04,0.022,66022.42,3481.2,5431.6,17688.88,38589.16,9.284596176452155,8.106285262330385,2841.5541458129883,82.30916496255001
198,240617,130.95977783203125,107.15406239827476,110.85663056623598,216.18165588378903,158.39999389648438,181.71044921875,30.784713745117188,219.9270477294922,0.048924,0.78,-0.33,0.58,0.93,0.24,0.022,66517.55,3511.73,5473.23,17857.02,38778.1,9.413814279499988,8.367791065764305,2710.594367980957,81.42089822975194
199,240618,135.55906677246094,108.60209121704102,112.45033612792793,213.8070068359375,154.6300048828125,179.09242248535156,30.436920166015625,224.74679565429688,0.0367818,0.2,-0.44,0.36,0.28,-0.11,0.022,65126.6,3480.94,5487.03,17862.23,38834.86,9.77466844346634,8.649166541304712,2846.153434753418,85.33063952580116
200,240620,130.75979614257812,109.94299850463868,113.63159161274406,209.2073974609375,161.77999877929688,172.3401336669922,30.426984786987305,213.2467041015625,0.0105735,-0.31,-0.36,0.26,-0.62,0.33,0.022,64842.53,3510.66,5473.17,17721.59,39134.76,9.563148909791593,8.831963015002088,2715.39363861084,78.34963623365155
201,240621,126.55045318603516,111.148326365153,114.4650665529564,207.02235412597656,161.22999572753906,164.79598999023438,30.894020080566406,210.3370361328125,-0.00350294,-0.13,0.44,-0.53,-0.81,0.17,0.022,64136.38,3519.63,5464.62,17689.36,39150.33,8.9526586813502,8.856102148271711,2588.8431854248047,73.2391120102113
202,240624,118.09175872802734,112.12718454996744,114.69904669328356,207.6708831787109,160.25,158.6990203857422,30.37729835510254,198.7676696777344,-0.0492567,-0.25,0.62,1.09,-0.01,0.65,0.022,60236.01,3348.29,5447.87,17496.82,39411.21,7.697562121888666,8.624394142995103,2470.7514266967773,65.41751256534027
203,240625,126.07052612304688,113.33431091308594,115.43269003524284,208.59878540039065,160.25,157.56077575683594,30.546226501464844,200.0839385986328,-0.0651273,0.31,-0.82,-1.22,0.08,-1.22,0.022,61820.98,3394.64,5469.3,17717.65,39112.16,7.262985725082586,8.3521124594126,2596.821952819824,65.01319617978122
204,240626,126.38047790527344,114.53440628051756,116.13899942230252,212.7693634033203,157.5399932861328,158.6781005859375,30.347488403320312,195.29388427734372,-0.0812459,0.16,-0.01,-0.19,0.46,-0.26,0.022,60794.33,3368.79,5477.9,17805.16,39127.8,6.864462072320038,8.054582381994088,2723.2024307250977,63.86502151485963
205,240627,123.9708480834961,115.62228825887044,116.64427998108924,213.61746215820312,159.47000122070312,158.14585876464844,30.397172927856445,193.1363677978516,-0.0976188,0.14,0.53,-0.39,-0.97,-0.12,0.022,61622.64,3445.94,5482.87,17858.68,39164.06,6.281779770870614,7.700021859769394,2599.2315826416016,57.54901615175165
206,240628,123.52091979980467,116.58606516520182,117.08793416294183,210.1452789306641,162.2100067138672,160.0266571044922,30.774776458740234,197.12478637695312,-0.114253,-0.35,1.0,1.28,-0.19,0.72,0.022,60322.28,3374.13,5460.48,17732.6,39118.86,5.717783349430633,7.303574157701642,2475.710662841797,56.56848342206961
207,240701,124.2808074951172,117.58420282999674,117.55199050695316,216.261474609375,157.69000244140625,163.54209899902344,30.645597457885746,197.9660186767578,-0.166735,0.22,-1.05,-0.46,0.49,-0.34,0.021,62870.34,3441.07,5475.09,17879.3,39169.52,5.271363708903664,6.897132067942047,2599.991470336914,60.98633283815951
208,240702,122.65105438232422,118.59066747029622,117.88096236988032,219.77354431152344,164.30999755859375,165.2046356201172,30.874147415161133,198.09469604492188,-0.184757,0.57,-0.47,0.39,0.52,-0.63,0.021,62056.54,3417.59,5509.01,18028.76,39331.85,4.731523415061105,6.464010337365858,2477.34041595459,60.25471652506085
209,240703,128.26019287109375,119.70742111206054,118.55059014415215,221.0506591796875,163.89999389648438,172.35511779785156,31.033138275146484,201.7070159912109,-0.202399,0.48,-0.29,-0.68,-0.05,0.59,0.021,60187.34,3296.53,5537.02,18188.3,39308.0,4.70210376611125,6.111629023114937,2605.6006088256836,60.406253577585474
210,240705,125.8105697631836,120.72232538859048,119.01897592602516,225.8298492431641,171.89999389648438,169.77259826660156,31.818159103393555,203.6269989013672,-0.236574,0.48,-0.8,-1.43,-0.31,-1.04,0.021,56624.69,2983.42,5567.19,18352.76,39375.87,4.430057425521113,5.775314703596172,2479.7900390625,57.247650086550216
211,240708,128.18019104003906,121.83074696858723,119.61002206241317,227.30653381347656,178.69000244140625,174.01365661621094,33.77574157714844,205.7449188232422,-0.283486,0.1,0.55,-0.22,-0.35,0.47,0.021,56684.73,3016.38,5572.85,18403.74,39344.79,4.355460338306244,5.491343830538187,2607.970230102539,54.711484254553014
212,240709,131.35972595214844,122.7502560933431,120.36806747465414,228.16458129882807,177.10000610351562,172.7627716064453,34.3719596862793,204.9828643798828,-0.29564,0.0,-0.59,0.48,-0.44,0.66,0.021,57995.57,3065.68,5576.98,18429.29,39291.97,4.5010185639522575,5.293278777221002,2739.3299560546875,58.25126002989124
213,240710,134.88917541503906,123.69843470255532,121.30491314822736,232.45489501953125,183.9600067138672,173.89703369140625,34.65019226074219,206.64553833007807,-0.30578,0.97,-0.14,0.43,0.17,0.2,0.021,57653.32,3099.13,5633.91,18647.45,39721.36,4.845317774088372,5.203686576594476,2874.2191314697266,60.56750084475185
214,240711,127.3803253173828,124.1486437479655,121.69687571587576,227.05709838867188,181.94000244140625,170.03575134277344,33.2888298034668,197.78787231445312,-0.313911,-0.59,4.21,1.75,-1.09,-0.09,0.021,57384.82,3102.42,5584.54,18283.41,39753.75,4.460853981942236,5.055120057664029,2746.8388061523438,53.84931462317366
215,240712,129.2200469970703,124.6293841044108,122.1822416049851,230.0203857421875,181.6100006103516,169.5094757080078,34.27259063720703,200.34124755859372,-0.320036,0.58,0.62,-0.44,-0.5,0.15,0.021,57910.59,3134.73,5615.35,18398.45,40000.9,4.255558392948771,4.8952077247209775,2876.058853149414,55.630657744357464
216,240715,128.420166015625,125.22759450276692,122.5846883411554,233.87168884277344,179.8300018310547,170.8580322265625,34.242774963378906,206.0319061279297,-0.327812,0.38,1.16,0.59,-0.22,-0.35,0.021,64772.57,3489.25,5631.22,18472.57,40211.72,3.9824097091155295,4.712648121599888,2747.638687133789,52.298529697554336
217,240716,126.34048461914062,125.78537495930988,122.8269977784448,234.29074096679688,177.5500030517578,168.82473754882812,34.12353515625,207.47686767578125,-0.328762,0.83,2.76,1.37,-0.64,0.07,0.021,65045.81,3445.21,5667.2,18509.34,40954.48,3.557120233354368,4.481542543950784,2621.2982025146484,47.61554517643913
218,240717,117.97177124023438,125.88534062703452,122.51375735662478,228.3641357421875,159.42999267578125,155.46865844726562,34.242774963378906,189.62301635742188,-0.329127,-1.5,0.49,2.46,0.83,-0.13,0.021,64157.33,3391.84,5588.27,17996.92,41198.08,2.5157895741603227,4.088391949992692,2503.326431274414,40.64646578833782
219,240718,121.07129669189452,126.0407351175944,122.42069488603607,223.6747283935547,155.77000427246094,159.9937744140625,34.65019226074219,189.4844665527344,-0.328907,-0.95,-1.15,0.03,1.01,0.4,0.021,63999.59,3426.6,5544.59,17871.22,40665.02,1.9185178450192382,3.6544171289980016,2624.3977279663086,43.531719752088925
220,240719,117.91178894042967,125.89076029459636,122.12979772825504,223.80442810058597,151.5800018310547,156.83416748046875,32.7721061706543,184.2886199951172,-0.328104,-0.68,0.07,-0.14,-0.09,-0.47,0.021,66771.26,3507.45,5505.0,17726.94,40287.53,1.176665953466852,3.158866893891772,2506.485939025879,38.234908750584935
221,240722,123.52091979980467,125.97581176757812,122.21954753932276,223.45523071289065,155.8699951171875,160.53199768066406,33.15964889526367,192.95823669433597,-0.321067,1.08,0.53,-0.53,-0.38,0.72,0.021,67585.54,3441.25,5564.41,18007.57,40415.44,1.029485697260938,2.7329906545656053,2630.0068588256836,45.22554056570068
222,240723,122.5710678100586,126.03286717732747,122.242226266467,224.5028533935547,154.0,163.23312377929688,32.7422981262207,191.35494995117188,-0.31569,-0.05,1.15,-0.03,-0.43,-0.18,0.021,65923.74,3480.12,5555.74,17997.35,40358.09,0.8266698312821319,2.3517264899089105,2507.435791015625,47.25744395749681
223,240724,114.23235321044922,125.78190587361654,121.72546026285296,218.0474395751953,144.6300048828125,150.8438720703125,31.50017547607422,179.20166015625,-0.30861,-2.37,0.02,1.71,0.1,0.08,0.021,65430.69,3336.95,5427.13,17342.41,39853.87,-0.006848833271604349,1.8800114252728077,2393.203437805176,47.335726856859225
224,240725,112.26265716552734,125.49428354899088,121.11495683721904,216.99981689453125,138.32000732421875,148.7706756591797,30.90395736694336,173.58026123046875,-0.299822,-0.33,1.67,0.68,-0.11,0.15,0.021,65816.21,3173.31,5399.22,17181.72,39935.07,-0.8169392226647858,1.3406212956852892,2280.9407806396484,39.60560662318977
225,240726,113.04254150390624,125.08967946370444,120.59415535575404,217.46875,139.99000549316406,151.13291931152344,31.152381896972656,178.1921844482422,-0.289324,1.1,0.57,-0.2,0.02,0.08,0.021,67929.7,3273.71,5459.1,17357.88,40589.34,-1.3801025808353131,0.7964765203811688,2393.9833221435547,40.02990634591673
226,240729,111.57276153564452,124.48910547892253,120.01212994800504,217.7481231689453,139.75,149.7275390625,30.63566017150879,176.79673767089844,-0.24889,-0.04,-1.05,-0.43,0.61,-0.24,0.021,66827.89,3319.38,5463.54,17370.2,40539.93,-1.9228471742395357,0.2526117814570279,2282.41056060791,40.60037144058281
227,240730,103.71398162841795,123.55091654459636,118.9606365080317,218.30685424804688,138.44000244140625,143.0495147705078,29.94007110595703,165.2174530029297,-0.234236,-0.53,0.68,1.38,0.47,-1.03,0.021,66200.81,3279.02,5436.44,17147.42,40743.33,-2.9530728491442204,-0.38852514466322174,2178.696578979492,36.49994409936273
228,240731,117.00192260742188,123.08565470377604,118.83426786928268,221.5794677734375,144.47999572753906,160.1532440185547,30.546226501464844,179.0828857421875,-0.219211,1.53,-0.97,-1.32,0.44,1.43,0.021,64607.71,3230.68,5522.3,17599.4,40842.79,-2.6665697773211434,-0.8441340711948061,2295.698501586914,45.76251146806105
229,240801,109.1931381225586,122.20679041544597,118.21225949852632,217.8678436279297,132.5399932861328,146.5380401611328,28.866878509521484,162.30780029296875,-0.20381,-1.61,-1.24,-0.67,0.91,-0.89,0.022,65342.4,3201.6,5446.68,17194.15,40347.97,-3.0346362779352347,-1.282234512542892,2186.5053634643555,42.69114338395243
230,240802,107.25342559814452,121.42324473063152,117.5052379565662,219.36447143554688,132.5,143.34852600097656,21.3445987701416,157.6661834716797,-0.189983,-2.12,-1.18,-0.78,0.96,0.79,0.022,61466.66,2983.86,5346.56,16776.16,39737.26,-3.4431596205014188,-1.7144195341345976,2079.251937866211,38.11785842423602
231,240805,100.43448638916016,120.552712504069,116.4038991457658,208.79833984375,134.82000732421875,141.61422729492188,19.983234405517575,156.32022094726562,-0.157458,-3.02,-0.34,-0.01,-0.13,-0.17,0.022,54025.9,2420.35,5186.33,16200.08,38703.27,-4.267950442653145,-2.225125715838307,1978.8174514770508,36.322486102048316
232,240806,104.23389434814452,120.0907839457194,115.61873803813828,206.762939453125,130.17999267578125,143.4481964111328,19.70499992370605,157.082275390625,-0.149001,1.0,-0.03,-0.58,-0.12,0.29,0.022,56096.88,2463.28,5240.03,16366.85,38997.66,-4.562429791569244,-2.6925865309844945,2083.0513458251953,37.289042603624004
233,240807,98.8947296142578,119.18492431640624,114.53976975272664,209.34710693359372,128.6699981689453,135.82327270507812,18.989999771118164,154.50909423828125,-0.141657,-0.83,-0.55,0.84,0.74,-0.79,0.022,55100.98,2339.88,5199.5,16195.81,38763.45,-5.167070003348371,-3.18748322545727,1984.1566162109375,33.15346549313517
234,240808,104.95378875732422,118.4707010904948,113.9213193659265,212.8292236328125,136.32000732421875,145.26223754882812,20.489999771118164,163.24798583984375,-0.135424,2.39,0.1,-0.85,-0.63,0.05,0.022,61644.69,2680.67,5319.31,16660.02,39446.49,-5.09856322904642,-3.5696992261751004,2089.1104049682617,34.863493371933174
235,240809,104.73382568359376,117.82946701049804,113.32857783803406,215.7526397705078,134.27000427246094,147.77395629882812,19.709999084472656,162.7828369140625,-0.130298,0.43,-0.8,-0.31,0.3,-0.21,0.022,60818.65,2597.02,5344.16,16745.3,39497.54,-5.004333457579833,-3.856626072456047,1984.376579284668,37.63781219675736
236,240812,109.00315856933594,117.3455416361491,113.04951853037612,217.2909393310547,136.77000427246094,148.13278198242188,19.36000061035156,161.20924377441406,-0.121061,-0.08,-0.87,-0.59,0.12,0.39,0.022,59337.91,2722.16,5344.39,16780.61,39357.01,-4.532903708906275,-3.9918815997460926,2093.379737854004,39.2492468417988
237,240813,116.12206268310548,117.07358347574868,113.24774718539092,221.02682495117188,141.1300048828125,155.6480712890625,20.46999931335449,167.72134399414062,-0.119371,1.7,0.18,-0.77,-0.51,1.08,0.022,60596.01,2703.4,5434.43,17187.61,39765.64,-3.544003108033351,-3.9023059014035444,2209.5018005371094,43.87205755077552
238,240814,118.061767578125,116.92060724894206,113.55832914621249,221.4763336181641,140.75,157.1730499267578,19.920000076293945,165.42527770996094,-0.118293,0.3,-1.1,0.27,0.14,0.4,0.022,58779.3,2662.56,5455.21,17192.6,40008.39,-2.574101641558329,-3.636665049434501,2327.5635681152344,45.869089121641814
239,240815,122.84102630615234,116.73996861775716,114.15721332616954,224.47303771972656,147.36000061035156,165.58538818359375,20.690000534057617,171.55140686035156,-0.117825,1.78,0.95,-0.74,-0.48,0.4,0.022,57502.3,2567.55,5543.22,17594.5,40563.06,-1.4036214300722065,-3.1900563255620424,2450.4045944213867,52.51992592584989
240,240816,124.56076049804688,116.69830830891928,114.82840991790356,225.80157470703125,148.55999755859375,165.17672729492188,20.8700008392334,170.40338134765625,-0.117968,0.21,0.05,0.78,-0.21,0.51,0.022,58879.72,2591.97,5554.25,17631.72,40659.76,-0.3333960703798482,-2.618724274525604,2574.9653549194336,51.832023184133206
241,240819,129.97991943359375,116.7582992553711,115.80592666085133,225.64175415039065,155.27999877929688,167.16021728515625,21.520000457763672,172.46192932128906,-0.122329,0.98,0.25,-0.29,-1.03,0.49,0.022,59469.51,2636.87,5608.25,17876.77,40896.53,0.941196546122228,-1.9067401103960375,2704.9452743530273,56.189108380001585
242,240820,127.23035430908205,116.6206532796224,116.54298601690527,226.2610626220703,156.39999389648438,165.40597534179688,20.989999771118164,170.3341064453125,-0.125449,-0.32,-0.72,-0.68,0.36,-0.65,0.022,59062.49,2574.46,5597.12,17816.94,40834.97,1.709744579932078,-1.1834431723304144,2577.7149200439453,51.959856959541334
243,240821,128.48016357421875,116.40701955159506,117.3131265044739,226.15118408203125,157.80999755859375,165.2365264892578,21.40999984741211,172.42233276367188,-0.129448,0.52,0.84,-0.63,-0.43,0.19,0.022,61193.87,2633.14,5620.85,17918.99,40890.49,2.3920989685412195,-0.46833474415608767,2706.195083618164,53.112170114195045
244,240822,123.72088623046876,116.28503824869792,117.7265308499829,224.2832489013672,151.6999969482422,161.80780029296875,20.100000381469727,167.25619506835938,-0.134328,-0.96,-0.25,1.39,0.56,-0.25,0.022,60378.7,2624.0,5570.64,17619.35,40712.78,2.5197892687359627,0.12929005842232244,2582.4741973876953,55.19317164953469
245,240823,129.3500213623047,116.28937072753908,118.47643346368108,226.5906982421875,154.97999572753906,165.81463623046875,20.540000915527344,171.70977783203125,-0.14009,1.29,1.9,0.85,-0.48,0.68,0.022,64130.87,2766.56,5634.61,17877.79,41175.08,3.040163796285853,0.7114648059950286,2711.82421875,58.991901697829064
246,240826,126.44046783447266,116.22338078816732,118.99024213276444,226.93032836914065,149.99000549316406,159.0967254638672,20.1299991607666,167.74114990234375,-0.162837,-0.34,0.33,0.17,0.13,-0.06,0.022,62838.55,2681.41,5616.84,17725.76,41240.52,3.181117759567286,1.2053953967094801,2585.3837509155273,56.89584178415352
247,240827,128.2801971435547,116.28803787231443,119.58959406894444,227.7793884277344,150.5,160.8609161376953,20.06999969482422,172.13531494140625,-0.172439,0.05,-0.9,0.02,0.27,0.23,0.022,59398.77,2456.04,5625.8,17754.82,41250.5,3.4020587553462605,1.6447280684368364,2713.663948059082,58.566605184456414
248,240828,125.59060668945312,116.54199905395508,119.9767561734934,226.2410888671875,146.36000061035156,157.66143798828125,19.61000061035156,170.07679748535156,-0.183081,-0.67,-0.22,1.14,0.55,-0.16,0.022,59024.0,2529.22,5592.18,17556.03,41091.42,3.3218365505114775,1.9801497648517647,2588.073341369629,61.84495807521833
249,240829,117.57183837890624,116.42535069783528,119.82160018674584,229.53746032714844,145.49000549316406,156.41554260253906,20.1299991607666,167.74114990234375,-0.194767,0.08,0.67,0.28,-0.15,-1.22,0.022,59371.27,2527.81,5591.96,17516.43,41335.05,2.5814548831982904,2.10041078852107,2470.5015029907227,50.32724984487393
250,240830,119.35157012939452,116.47334340413413,119.79127566691676,228.7483367919922,148.55999755859375,162.28623962402344,22.040000915527344,173.49119567871094,-0.207501,0.98,-0.56,0.04,-0.2,-0.14,0.022,59113.86,2526.23,5648.4,17713.62,41563.08,2.1139383902346225,2.1031163088637803,2589.853073120117,56.26696192376997
