Date,NVDA,SMA,EMA,AAPL,AMD,AVGO,INTC,QCOM,ADS_Index,Mkt-RF,SMB,HML,RMW,CMA,RF,CBBTCUSD,CBETHUSD,SP500,NASDAQCOM,DJIA
230901,48.486995697021484,45.461765162150066,45.90934254678257,188.28829956054688,109.44999694824219,85.46249389648438,36.00777053833008,112.44337463378906,0.0603954,0.26,0.84,0.58,-0.03,-0.2,0.021,25802.02,1628.83,4515.77,14031.81,34837.71
230905,48.52597427368164,45.592905553181964,46.07815749690509,188.5268096923828,110.77999877929688,85.42822265625,36.106117248535156,113.5737533569336,0.0707884,-0.54,-1.58,-0.86,-0.3,-0.47,0.021,25778.03,1633.25,4496.83,14020.95,34641.97
230906,47.04352569580078,45.63908030192057,46.14043907007918,181.77880859375,109.27999877929688,85.43800354003906,36.371681213378906,111.75150299072266,0.0714377,-0.71,0.01,-0.18,-0.45,0.1,0.021,25748.1,1632.05,4465.48,13872.47,34443.19
230907,46.22382736206055,45.66549542744954,46.14581895988444,176.46189880371094,106.58999633789062,83.94525909423828,37.55194091796875,103.68294525146484,0.0713303,-0.4,-0.69,0.03,-0.2,0.02,0.021,26267.36,1646.92,4451.14,13748.83,34500.73
230908,45.555076599121094,45.65469207763672,46.10770654951261,177.07806396484375,106.08999633789062,83.9961929321289,37.384735107421875,103.42958068847656,0.0704661,0.12,-0.51,0.4,0.28,0.01,0.021,25906.35,1636.26,4457.49,13761.53,34576.59
230911,45.161224365234375,45.60243975321452,46.04664318278499,178.25074768066406,105.31999969482422,84.15193939208984,37.955196380615234,107.46387481689453,0.0626058,0.66,-0.47,-0.54,-0.49,-0.33,0.021,25161.68,1551.36,4487.46,13917.89,34663.72
230912,44.853336334228516,45.54062436421712,45.96965564416844,175.20968627929688,105.30999755859375,82.71992492675781,38.22075653076172,108.38960266113281,0.0572627,-0.59,0.21,0.99,0.25,0.23,0.021,25852.36,1593.34,4461.9,13773.61,34645.99
230913,45.468109130859375,45.50669822692871,45.937298050709614,173.1326141357422,107.70999908447266,83.54367065429688,38.07322692871094,109.76360321044922,0.0504346,0.03,-0.87,-0.22,0.25,-0.36,0.021,26216.13,1607.52,4467.44,13813.59,34575.53
230914,45.56407928466797,45.55053685506185,45.91321942064242,174.65313720703125,106.62999725341797,85.37629699707031,38.03388214111328,111.12784576416016,0.0421189,0.84,0.49,0.86,0.82,0.02,0.021,26531.31,1626.97,4505.1,13926.05,34907.11
230915,43.883697509765625,45.53016662597656,45.7822825231665,173.92764282226562,101.48999786376953,83.42123413085938,37.256874084472656,110.2508316040039,0.0323123,-1.21,0.21,0.25,-0.33,0.5,0.021,26620.02,1642.53,4450.32,13708.33,34618.24
230918,43.949668884277344,45.50649820963542,45.664049631283156,176.86935424804688,102.37000274658203,83.25668334960938,37.36506652832031,109.87078094482422,-0.00522475,-0.04,-0.82,-0.19,0.2,-0.05,0.021,26767.54,1637.09,4453.53,13710.24,34624.3
230919,43.50383758544922,45.443412907918294,45.5246811121971,177.9625701904297,101.61000061035156,83.1783218383789,35.742210388183594,107.89263153076172,-0.0192998,-0.27,-0.11,0.0,0.32,0.31,0.021,27199.35,1642.82,4443.95,13678.19,34517.73
230920,42.22331619262695,45.362732060750325,45.311689827063546,174.40469360351562,100.33999633789062,81.7966079711914,34.11935043334961,106.43093872070312,-0.0340202,-0.95,-0.05,0.26,0.27,0.49,0.021,27119.41,1622.0,4402.2,13469.13,34440.88
230921,41.00177001953125,45.31163444519043,45.03363023853261,172.8543243408203,96.11000061035156,79.60931396484375,34.08000946044922,105.20310974121094,-0.0493918,-1.69,0.34,0.38,0.56,0.13,0.021,26567.29,1584.04,4330.0,13223.98,34070.42
230922,41.59454345703125,45.285827000935875,44.811753918093636,173.70901489257812,96.19999694824219,81.64987182617188,33.617740631103516,104.93025970458984,-0.0654205,-0.25,-0.09,-0.51,0.18,-0.19,0.021,26582.63,1593.22,4320.06,13211.81,33963.84
230925,42.206321716308594,45.33148905436198,44.64366151797848,174.9910430908203,97.37999725341797,82.12357330322266,33.725929260253906,107.61003112792969,-0.117524,0.39,-0.06,0.33,0.58,-0.46,0.021,26296.86,1587.9,4337.44,13271.32,34006.88
230926,41.89543914794922,45.27023200988769,44.466356602834836,170.89654541015625,95.95999908447266,80.38043975830078,33.273502349853516,106.91815948486328,-0.136268,-1.46,0.36,-0.51,-0.34,-0.07,0.021,26200.13,1592.46,4273.53,13063.61,33618.88
230927,42.45222854614258,45.221304194132486,44.33641285724179,169.37596130371094,98.06999969482422,80.4415054321289,34.040672302246094,106.40170288085938,-0.155714,0.13,0.78,0.1,0.19,-0.28,0.021,26351.82,1596.96,4274.51,13092.85,33550.27
230928,43.072998046875,45.20819511413574,44.2549022243149,169.63438415527344,102.76000213623047,81.93743896484375,34.601287841796875,108.26292419433594,-0.175869,0.65,0.19,0.04,0.43,-0.03,0.021,27035.82,1653.08,4299.7,13201.28,33666.34
230929,43.482845306396484,45.21347885131836,44.20509210057823,170.15115356445312,102.81999969482422,81.79759216308594,34.965206146240234,108.22393798828125,-0.196742,-0.27,-0.02,0.31,-0.19,-0.15,0.021,26900.3,1666.74,4288.05,13219.32,33507.5
231002,44.7653694152832,45.26301282246907,44.241239270217086,172.6754608154297,103.2699966430664,82.22796630859375,34.87668228149414,108.26292419433594,-0.261646,-0.14,-1.28,-1.05,0.87,-0.52,0.021,27517.12,1663.11,4288.39,13307.77,33433.35
231003,43.50083923339844,45.14818420410156,44.193471279796704,171.3337860107422,100.08000183105469,80.24649810791016,35.102901458740234,107.37615966796875,-0.281272,-1.5,-0.26,-0.15,0.3,0.14,0.021,27421.92,1657.34,4229.45,13059.47,33002.38
231004,44.02465057373047,45.09409662882487,44.18257962134082,172.58599853515625,104.06999969482422,81.13087463378906,35.338951110839844,107.04484558105469,-0.299557,0.77,-0.53,-0.37,-0.39,-0.33,0.021,27782.29,1646.37,4263.75,13236.01,33129.55
231005,44.67140579223633,45.013322575887045,44.214116793656665,173.82827758789062,102.91000366210938,81.13580322265625,35.29960632324219,106.9961166381836,-0.316507,-0.15,0.28,0.09,-0.46,-0.12,0.021,27419.39,1612.3,4258.19,13219.83,33119.57
231006,45.7450065612793,44.96676940917969,44.31288387543878,176.39231872558594,107.23999786376953,83.24332427978516,35.59467697143555,108.04854583740234,-0.332131,1.21,-0.44,-0.55,-0.31,-0.52,0.021,27949.12,1646.04,4308.5,13431.34,33407.58
231009,45.25618362426758,44.942071533203126,44.373741923750316,177.883056640625,106.97000122070312,84.2892074584961,35.46681594848633,108.9450454711914,-0.371293,0.59,-0.16,0.26,0.82,-0.37,0.021,27587.43,1579.69,4335.66,13484.24,33604.65
231010,45.7809944152832,44.90764617919922,44.46453216096552,177.28675842285156,109.01000213623047,84.53836822509766,35.83073043823242,109.44203186035156,-0.382056,0.61,0.33,0.62,-0.24,0.19,0.021,27391.73,1567.45,4358.24,13562.84,33739.3
231011,46.78861999511719,44.84187126159668,44.614473311555955,178.6880340576172,108.30999755859375,86.12886047363281,36.2733268737793,108.28241729736328,-0.391713,0.32,-0.65,0.38,0.64,-0.25,0.021,26851.85,1565.08,4376.95,13659.68,33804.87
231012,46.92756652832031,44.764735285441084,44.76370513199237,179.59242248535156,108.79000091552734,89.18575286865234,36.233985900878906,108.61373138427734,-0.400269,-0.81,-1.5,0.11,1.19,-0.22,0.021,26745.5,1539.26,4349.61,13574.22,33631.14
231013,45.444114685058594,44.63511873881022,44.807602522512774,177.74392700195312,105.08999633789062,86.977783203125,35.3782958984375,105.88523864746094,-0.407727,-0.59,-0.35,0.05,0.08,0.46,0.021,26859.1,1551.48,4327.78,13407.23,33670.29
231016,46.077884674072266,44.55481516520182,44.88955645581966,177.61471557617188,106.45999908447266,88.88735961914062,35.958587646484375,107.68799591064453,-0.422652,1.14,0.58,-0.1,-0.36,-0.02,0.021,28534.29,1600.62,4373.63,13567.98,33984.54
231017,43.92168426513672,44.40133883158366,44.82711308867883,176.05442810058594,105.13999938964844,87.09793090820312,35.46681594848633,109.33483123779297,-0.423971,0.09,1.05,0.68,-0.1,0.32,0.021,28408.19,1565.57,4373.2,13533.75,33997.65
231018,42.18033218383789,44.23923250834147,44.656353030302,174.7525177001953,102.16999816894531,87.35694122314453,35.05372619628906,108.14599609375,-0.423316,-1.47,-0.61,-0.17,0.87,0.46,0.021,28309.35,1562.14,4314.6,13314.3,33665.08
231019,42.08536911010742,44.101283899943034,44.49048309996687,174.37489318847656,102.4000015258789,85.46607971191406,35.083229064941406,108.43832397460938,-0.420687,-0.92,-0.54,-0.22,-0.05,0.01,0.021,28734.51,1567.78,4278.0,13186.18,33414.17
231020,41.37162780761719,43.96183573404948,44.2892668756022,171.81085205078125,101.80999755859375,84.06761932373047,34.34556579589844,105.85599517822266,-0.416083,-1.32,0.09,-0.15,0.2,0.36,0.021,29686.66,1605.03,4224.16,12983.81,33127.28
231023,42.95904541015625,43.88842976888021,44.203446135896016,171.93008422851562,100.01000213623047,84.91358184814453,33.29316711425781,105.88523864746094,-0.390738,-0.23,-0.58,-0.77,0.18,-0.43,0.021,33106.86,1766.77,4217.04,13018.33,32936.41
231024,43.64678192138672,43.84821141560872,44.167532561714594,172.3673553466797,101.66999816894531,86.77391815185547,34.020999908447266,106.59659576416016,-0.378888,0.71,0.09,-0.58,-0.91,0.15,0.021,33919.92,1784.81,4247.68,13139.87,33141.38
231025,41.763484954833984,43.72472381591797,44.012432716109394,170.0418701171875,96.05999755859375,83.6736831665039,32.28995132446289,102.10431671142578,-0.365386,-1.58,-0.02,0.85,1.48,0.21,0.021,34489.91,1787.24,4186.77,12821.22,33035.93
231026,40.31102752685547,43.54962209065755,43.77363238131882,165.85787963867188,93.66999816894531,81.42041015625,31.985044479370117,102.92285919189453,-0.350228,-1.15,1.18,1.68,-0.76,0.47,0.021,34140.0,1803.2,4137.23,12595.61,32784.3
231027,40.48495864868164,43.43633092244466,43.561460128548504,167.1796417236328,96.43000030517578,82.56379699707031,34.95536804199219,103.74141693115234,-0.333407,-0.53,-0.58,-0.58,0.43,-0.96,0.021,33905.16,1779.85,4117.37,12643.01,32417.59
231030,41.14571762084961,43.34286562601725,43.405605527103596,169.23684692382812,96.18000030517578,82.84840393066406,35.102901458740234,105.07642364501953,-0.273015,1.15,-0.33,0.28,-0.15,0.17,0.021,34485.49,1809.43,4166.82,12789.48,32928.96
231031,40.764854431152344,43.251566314697264,43.23523473476463,169.71389770507812,98.5,82.86022186279297,35.899574279785156,106.20680236816406,-0.249702,0.63,0.05,-0.07,-0.85,0.06,0.021,34667.88,1815.73,4193.8,12851.24,33052.87
231101,42.309288024902344,43.25443204243978,43.17549623735416,172.8940887451172,108.04000091552734,83.99967193603516,36.67658233642578,108.05828094482422,-0.224803,0.93,-0.68,-0.02,0.12,-0.71,0.021,35469.43,1848.91,4237.86,13061.47,33274.58
231102,43.489845275878906,43.337367884318034,43.19577657437529,176.47183227539062,107.83000183105469,85.80779266357422,37.07984161376953,114.3630599975586,-0.200912,1.95,0.71,1.64,-0.23,0.53,0.021,34935.25,1801.48,4317.78,13294.19,33839.08
231103,44.98828887939453,43.45049260457357,43.31142252953782,175.55751037597656,112.25,86.92853546142578,37.512596130371094,116.46791076660156,-0.178019,1.1,1.73,0.6,-1.19,0.18,0.021,34735.91,1834.86,4358.34,13478.28,34061.32
231106,45.7340087890625,43.56808230082194,43.467718663358596,178.12155151367188,111.75,86.74635314941406,37.448455810546875,116.86743927001953,-0.114684,0.01,-1.22,-0.66,0.87,-0.2,0.021,35063.96,1901.98,4365.98,13518.78,34095.86
231107,45.93793869018555,43.70283241271973,43.627087697347434,180.69554138183594,113.44999694824219,88.4195556640625,38.25761795043945,117.63728332519531,-0.0945845,0.35,-0.41,-1.2,-1.26,-0.05,0.021,35420.95,1886.39,4378.38,13639.86,34152.6
231108,46.556705474853516,43.83964831034343,43.81609529589622,181.75892639160156,113.58999633789062,89.73036193847656,37.418853759765625,116.9941177368164,-0.0748851,-0.04,-1.01,-0.46,0.45,0.04,0.021,35581.68,1888.43,4382.78,13650.41,34112.27
231109,46.93256759643555,43.96830050150553,44.01715777885377,181.2819061279297,113.48999786376953,89.75498962402344,37.30044174194336,117.0331039428711,-0.055578,-0.89,-1.01,0.5,0.53,-0.3,0.021,36669.3,2121.15,4347.35,13521.45,33891.94
231110,48.31705093383789,44.12944056193034,44.29456999435615,185.49127197265625,118.58999633789062,94.2989730834961,38.346435546875,121.03814697265625,-0.0366556,1.49,-0.61,-0.45,0.74,-0.37,0.021,37305.81,2077.74,4415.24,13798.11,34283.1
231113,48.60194396972656,44.25732612609863,44.572464843431845,183.89907836914062,116.79000091552734,93.25603485107422,37.72475814819336,120.68734741210938,0.0166902,-0.05,0.06,-0.26,-0.29,-0.17,0.021,36470.45,2057.4,4411.55,13767.74,34337.87
231114,49.63755798339844,44.46188367207845,44.899245292119836,186.5261993408203,119.87999725341797,95.81952667236328,38.889163970947266,124.10770416259766,0.0317739,2.18,3.23,1.19,-0.98,-0.24,0.021,35552.8,1980.17,4495.7,14094.38,34827.7
231115,48.86984634399414,44.62339007059733,45.15541285580868,187.09341430664062,118.0,96.0598373413086,40.07330322265625,125.62786102294922,0.0453212,0.18,0.13,0.5,-0.13,0.5,0.021,37876.32,2058.25,4502.88,14103.84,34991.21
231116,49.46162796020508,44.783064142862955,45.43323318512457,188.78514099121094,119.83000183105469,94.49888610839844,42.77709197998047,125.4134750366211,0.0573373,-0.11,-1.5,-0.3,-0.45,-0.37,0.021,36150.03,1960.91,4508.24,14113.67,34945.47
231117,49.27969741821289,44.90088717142741,45.68139216790447,188.76524353027344,120.62000274658203,96.28929901123047,43.231014251708984,126.16382598876953,0.0678271,0.25,1.22,0.62,0.03,0.36,0.021,36626.6,1960.65,4514.02,14125.48,34947.28
231120,50.39027786254883,45.07202377319336,45.985191491087804,190.5166473388672,121.52999877929688,98.06002044677734,44.14872360229492,126.20279693603516,0.0908393,0.73,-0.11,-0.28,-0.3,-0.31,0.021,37476.08,2022.48,4547.38,14284.53,35151.04
231121,49.925453186035156,45.21017252604167,46.2394019230199,189.71060180664062,119.16000366210938,96.63103485107422,43.063262939453125,123.7763900756836,0.0965855,-0.32,-0.96,-0.62,0.42,-0.03,0.021,35734.18,1937.09,4538.19,14199.98,35088.29
231122,48.697906494140625,45.27381540934245,46.398015121156725,190.3773193359375,122.51000213623047,95.72499084472656,43.09286117553711,124.24412536621094,0.101484,0.42,0.19,-0.04,-0.38,0.01,0.021,37443.86,2064.29,4556.62,14265.86,35273.03
231124,47.75825881958008,45.30150515238444,46.48577277911952,189.0438690185547,122.30999755859375,96.40156555175781,43.3790283203125,124.48774719238281,0.108745,0.11,0.63,0.18,-0.51,0.23,0.021,37745.94,2082.1,4559.34,14250.85,35390.15
231127,48.22408676147461,45.39417088826497,46.597922068303724,188.86474609375,122.6500015258789,93.58201599121094,43.4974479675293,124.9262466430664,0.113452,-0.23,-0.14,-0.08,0.13,-0.25,0.021,37244.39,2027.63,4550.43,14241.02,35333.47
231128,47.80323791503906,45.451682535807294,46.67568438099633,189.47177124023438,122.01000213623047,93.19892120361328,43.64546203613281,123.35736083984375,0.113566,0.06,-0.3,0.05,-0.16,0.03,0.021,37840.46,2048.79,4554.89,14281.76,35416.98
231129,48.12212371826172,45.59169731140137,46.76900329402618,188.44679260253906,123.8499984741211,92.65528869628906,44.3460807800293,125.4363784790039,0.112974,0.01,0.58,0.69,-0.76,-0.06,0.021,37864.76,2028.64,4550.58,14258.49,35430.42
231130,46.75263214111328,45.74410730997722,46.767947090612445,189.0239715576172,121.16000366210938,91.16820526123047,44.1092529296875,126.55432891845703,0.111678,0.35,-0.4,0.01,-0.11,0.18,0.021,37743.0,2054.06,4567.8,14226.22,35950.89
231201,46.74763107299805,45.89951616923015,46.76663662590811,190.30767822265625,121.38999938964844,91.58872985839844,43.16194152832031,127.16234588623047,0.109675,0.82,2.23,1.07,-0.37,0.57,0.021,38714.0,2088.87,4594.63,14305.03,36245.5
231204,45.49309539794922,46.03689842224121,46.68447292182672,188.50650024414062,118.56999969482422,90.99488067626953,41.79030990600586,127.43692016601562,0.0981634,-0.44,1.51,0.5,-0.44,0.77,0.021,41856.31,2239.11,4569.78,14185.49,36204.44
231205,46.552799224853516,46.15669034322103,46.67597809071215,192.47703552246094,118.37999725341797,89.92634582519531,41.365989685058594,128.22145080566406,0.0916471,-0.21,-1.05,-0.85,0.18,-0.41,0.021,44060.06,2293.56,4567.18,14229.91,36124.56
231206,45.4901008605957,46.21813418070475,46.59946988231754,191.38241577148438,116.81999969482422,88.99272918701172,40.72458267211914,127.44673919677734,0.0836827,-0.39,0.36,0.32,-0.22,0.27,0.021,43778.51,2233.53,4549.34,14146.71,36054.43
231207,46.58279037475586,46.378777821858726,46.598394031165,193.32290649414062,128.3699951171875,90.82647705078125,41.59295654296875,130.3690948486328,0.074267,0.81,0.09,0.49,0.08,-0.19,0.021,43305.91,2358.5,4585.59,14339.99,36117.38
231208,47.49253463745117,46.61816139221192,46.656080521893145,194.75587463378906,128.9199981689453,92.99703216552734,42.135684967041016,130.3985137939453,0.0633964,0.45,0.16,0.53,-0.13,-0.08,0.021,44223.94,2359.06,4604.37,14403.97,36247.87
231211,46.61378479003906,46.822455469767256,46.653351764999336,192.23822021484375,134.41000366210938,101.36213684082031,43.95136642456055,133.46800231933594,0.0225704,0.35,-0.44,-0.12,0.02,0.64,0.021,41205.53,2223.13,4622.44,14432.49,36404.93
231212,47.64349365234375,47.03904813130696,46.7172318867635,193.76077270507812,137.61000061035156,105.6008071899414,43.45797348022461,134.03677368164062,0.00695366,0.34,-0.64,-0.89,-0.37,-0.22,0.021,41452.65,2201.29,4643.7,14533.4,36577.94
231213,48.074371337890625,47.28269869486491,46.80478951681669,196.9949188232422,138.19000244140625,107.31539154052734,43.98097229003906,136.1157684326172,-0.00958352,1.55,1.92,1.35,-0.99,0.17,0.021,42927.11,2262.0,4707.09,14733.96,37090.24
231214,48.33629608154297,47.483598963419595,46.90359639196032,197.14418029785156,138.0,108.96991729736328,44.582908630371094,138.76358032226562,-0.0270476,0.51,1.84,2.03,0.03,0.38,0.021,43031.34,2315.38,4719.55,14761.56,37248.35
231215,48.87614059448242,47.66314226786296,47.03085730825207,196.60682678222656,139.14999389648438,111.2596206665039,45.549957275390625,140.36204528808594,-0.0454455,-0.06,-0.59,-0.57,0.14,-0.35,0.021,41939.81,2221.97,4719.19,14813.92,37305.16
231218,50.062801361083984,47.832292811075845,47.22646684809266,194.93499755859375,138.89999389648438,112.95942687988281,45.08616256713867,138.91064453125,-0.10615,0.42,-0.51,-0.36,0.35,-0.24,0.021,42638.28,2216.31,4740.56,14905.19,37306.02
231219,49.58993911743164,47.96082369486491,47.3789489299855,195.97988891601562,140.14999389648438,112.7447509765625,46.04335021972656,140.46009826660156,-0.128027,0.72,1.51,0.68,-0.38,0.05,0.021,42252.2,2176.64,4768.37,15003.22,37557.92
231220,48.09735870361328,48.03280448913574,47.42529819374841,193.88018798828125,135.47000122070312,109.85582733154297,45.155242919921875,137.72406005859375,-0.150711,-1.56,-0.35,0.15,0.76,0.09,0.021,43647.01,2199.42,4698.35,14777.94,37082.0
231221,48.97611618041992,48.11345151265462,47.52535096708206,193.7308807373047,139.91000366210938,111.5288314819336,46.457801818847656,139.68539428710938,-0.174212,1.09,0.74,-0.02,-0.57,-0.17,0.021,43876.98,2241.29,4746.75,14963.87,37404.35
231222,48.816162109375,48.17623812357585,47.60862910529451,192.6561737060547,139.60000610351562,111.00347900390625,47.365638732910156,140.71507263183594,-0.198538,0.2,0.61,0.1,-0.65,0.2,0.021,44015.6,2327.03,4754.63,14992.97,37385.97
231226,49.26502990722656,48.20783754984538,47.7154936731611,192.1088409423828,143.41000366210938,111.98394012451172,49.83259963989258,142.64698791503906,-0.307171,0.48,0.83,0.43,-0.33,-0.16,0.021,42520.26,2230.14,4774.75,15074.57,37545.33
231227,49.40298843383789,48.23453928629557,47.82436454899168,192.2083740234375,146.07000732421875,111.41802215576172,50.08916091918945,142.90196228027344,-0.338652,0.16,0.17,0.1,-0.32,-0.14,0.021,43444.45,2380.88,4781.58,15099.18,37656.52
231228,49.507965087890625,48.2302193959554,47.93298393859806,192.6362762451172,148.75999450683594,111.0460205078125,49.724056243896484,143.0392303466797,-0.371981,-0.01,-0.38,0.02,-0.32,0.15,0.021,42613.04,2347.4,4783.35,15095.14,37710.1
231229,49.507965087890625,48.25149014790853,48.034595625649196,191.5913848876953,147.41000366210938,110.43658447265625,49.58590316772461,141.83302307128906,-0.407173,-0.43,-1.14,-0.36,0.69,-0.06,0.021,42056.3,2297.44,4769.83,15011.35,37689.54
240102,48.15434646606445,48.20791409810384,48.04232148632116,184.7349853515625,138.5800018310547,107.3824462890625,47.16828536987305,137.5181121826172,-0.560849,-0.7,-0.26,0.79,0.66,0.64,0.022,45030.04,2357.69,4742.83,14765.94,37715.04
240103,47.555519104003906,48.15044148763021,48.01091488101037,183.3517608642578,135.32000732421875,104.7309799194336,46.428192138671875,134.93899536132812,-0.59547,-1.01,-1.93,-0.14,0.35,-0.18,0.022,42836.3,2209.48,4704.81,14592.21,37430.19
240104,47.984397888183594,48.070245361328126,48.009204107279615,181.02316284179688,136.00999450683594,103.78417205810547,46.25057601928711,133.53663635253906,-0.627306,-0.33,0.24,0.09,-0.43,0.24,0.022,44230.11,2270.25,4688.68,14510.3,37440.34
240105,49.08308029174805,48.042166264851886,48.07848644176145,180.29672241210938,138.5800018310547,103.81088256835938,46.27030944824219,134.08580017089844,-0.656368,0.15,-0.59,0.65,0.11,-0.15,0.022,44174.5,2269.69,4697.24,14524.07,37466.11
240108,52.238189697265625,48.16017557779948,48.346854147619965,184.65536499023438,146.17999267578125,106.34065246582031,47.809696197509766,136.34132385253906,-0.727225,1.49,0.55,-1.31,-0.98,-0.49,0.022,47000.31,2332.28,4763.54,14843.77,37683.01
240109,53.12493896484375,48.33906491597494,48.65511768421505,184.23741149902344,149.25999450683594,107.09652709960938,47.41497802734375,137.1846923828125,-0.745697,-0.21,-0.75,-0.9,-0.3,-0.18,0.022,46103.0,2344.77,4756.5,14857.71,37525.16
240110,54.3345947265625,48.54274838765462,49.02153531180539,185.2823028564453,148.5399932861328,106.90656280517578,46.842647552490234,136.61590576171875,-0.761641,0.5,-0.29,-0.44,0.24,-0.18,0.022,46590.34,2580.54,4783.45,14969.65,37695.73
240111,54.806461334228516,48.77618916829427,49.39475634551011,184.68521118164062,148.02000427246094,108.82691192626953,47.01039505004883,136.34132385253906,-0.775064,-0.14,-0.66,-0.51,0.45,-0.13,0.022,46324.98,2621.0,4780.24,14970.18,37711.02
240112,54.69449234008789,48.99526786804199,49.7366745506637,185.0135955810547,146.55999755859375,109.58869934082031,46.49726486206055,137.4886932373047,-0.78597,-0.01,-0.21,-0.5,0.11,-0.28,0.022,42797.41,2524.19,4783.83,14972.76,37592.98
240116,56.36602020263672,49.31571413675944,50.164374270145835,182.73477172851562,158.74000549316406,110.3089599609375,46.43806838989258,138.39089965820312,-0.80035,-0.47,-0.87,-0.64,0.13,-0.27,0.022,43152.59,2587.34,4765.98,14944.35,37361.12
240117,56.037113189697266,49.62536341349284,50.54326065205238,181.78939819335938,160.1699981689453,109.19196319580078,45.45127868652344,136.625732421875,-0.794563,-0.59,-0.16,-0.24,0.26,-0.23,0.022,42705.07,2526.78,4739.21,14855.62,37266.67
240118,57.09081268310547,50.011953862508136,50.965683363733234,187.71038818359375,162.6699981689453,113.17313385009766,46.122291564941406,142.48025512695312,-0.784883,0.87,-0.27,-0.34,0.71,-0.24,0.022,41234.95,2465.22,4780.94,15055.65,37468.61
240119,59.47413635253906,50.442665100097656,51.51461606073344,190.62611389160156,174.22999572753906,119.83049011230469,47.51365661621094,149.0212860107422,-0.771305,1.19,-0.37,0.65,-0.05,-0.27,0.022,41633.68,2488.81,4839.81,15310.97,37863.8
240122,59.63709259033203,50.914231618245445,52.03864705068801,192.9447479248047,168.17999267578125,120.75059509277344,47.582733154296875,149.91366577148438,-0.708114,0.39,1.83,0.58,-0.43,0.09,0.022,39547.64,2313.9,4850.43,15360.29,38001.81
240123,59.85603332519531,51.35667292277018,52.54299455226913,194.22845458984375,168.4199981689453,121.32540130615234,48.24387741088867,150.531494140625,-0.680851,0.22,-0.69,-0.58,-0.18,0.21,0.022,39866.78,2239.9,4864.6,15425.94,37905.45
240124,61.344608306884766,51.8184087117513,53.11084060095401,193.55177307128906,178.2899932861328,124.05206298828125,48.44123458862305,151.38465881347656,-0.650637,-0.01,-0.76,0.02,0.25,-0.4,0.022,40051.8,2232.81,4868.55,15481.92,37806.39
240125,61.59953308105469,52.31793365478516,53.658498180315355,193.223388671875,180.3300018310547,121.69047546386719,48.89515686035156,151.48272705078125,-0.617458,0.46,0.2,0.56,-0.2,0.52,0.022,39944.5,2217.52,4894.16,15510.5,38049.13
240126,61.013702392578125,52.763607279459634,54.13302748433232,191.48191833496094,177.25,119.2052230834961,43.07312774658203,147.8052520751953,-0.581302,-0.02,0.32,-0.22,0.25,0.02,0.022,41792.29,2265.82,4890.97,15455.36,38109.43
240129,62.447296142578125,53.24270464579264,54.66943191389656,190.79527282714844,177.8300018310547,120.48049926757812,43.260616302490234,146.7461395263672,-0.455508,0.86,0.88,-0.57,-1.11,-0.3,0.022,43272.35,2315.41,4927.93,15628.04,38333.45
240130,62.756202697753906,53.72336819966634,55.1911590612422,187.12327575683594,172.05999755859375,119.52973175048828,42.35277557373047,143.15692138671875,-0.408655,-0.13,-0.96,0.85,0.99,0.13,0.022,42985.96,2346.26,4924.97,15509.9,38467.31
240131,61.50956344604492,54.14448229471842,55.59879805381013,183.5010223388672,167.69000244140625,116.74371337890625,42.51066207885742,145.6379852294922,-0.359424,-1.74,-0.89,-0.31,-0.22,0.35,0.022,42599.49,2284.72,4845.65,15164.01,38150.3
240201,63.00913619995117,54.576026662190756,56.07688438581923,185.94903564453125,170.47999572753906,118.72340393066406,42.786964416503906,138.381103515625,-0.307797,1.23,0.33,-1.35,-0.05,-0.29,0.021,43090.14,2304.03,4906.19,15361.64,38519.84
240202,66.14124298095703,55.127737045288086,56.726198335789064,184.94395446777344,177.66000366210938,121.13050079345703,42.0369987487793,138.9499053955078,-0.259197,0.99,-1.57,-0.51,-0.16,-1.4,0.021,43187.41,2307.79,4958.61,15628.95,38654.42
240205,69.3123550415039,55.834903462727866,57.53820844583519,186.7650146484375,174.22999572753906,122.98652648925781,42.20475769042969,141.24462890625,-0.130905,-0.42,-0.94,-0.66,0.1,-0.15,0.021,42654.6,2298.36,4942.81,15597.68,38380.12
240206,68.20366668701172,56.47582181294759,58.226302525911095,188.37713623046875,167.8800048828125,120.96330261230469,42.29877853393555,141.3132781982422,-0.093296,0.27,0.77,-0.49,-0.75,0.59,0.021,43093.37,2372.79,4954.23,15609.0,38521.36
240207,70.0791244506836,57.184587224324545,58.991000714606095,188.48660278320312,170.94000244140625,124.36766815185547,42.33836364746094,143.06866455078125,-0.0581603,0.77,-1.02,-0.62,0.62,-0.81,0.021,44393.14,2424.81,4995.06,15756.64,38677.36
240208,69.62125396728516,57.8631280263265,59.67682350510152,187.4019317626953,169.35000610351562,126.11882019042969,42.061256408691406,145.31436157226562,-0.0254845,0.21,1.4,0.03,-0.52,-0.2,0.021,45345.8,2421.78,4997.91,15793.71,38726.33
240209,72.11255645751953,58.62011349995931,60.479128856870425,188.1691436767578,172.47999572753906,126.97757720947266,42.862892150878906,148.079833984375,0.00474422,0.65,0.84,-0.43,-0.34,-0.43,0.021,47154.45,2489.49,5026.61,15990.66,38671.69
240212,72.22752380371094,59.377432123819986,61.23708982118272,186.47525024414062,171.91000366210938,125.15320587158203,43.57545852661133,150.1392364501953,0.0804747,0.05,1.65,1.1,-0.04,0.44,0.021,49961.0,2666.22,5021.84,15942.55,38797.38
240213,72.1075668334961,60.13075167338054,61.93840993431333,184.37286376953125,171.5399932861328,123.83242797851562,42.714439392089844,147.13839721679688,0.10025,-1.6,-2.52,-0.66,0.78,-0.05,0.021,49691.47,2640.16,4953.17,15655.6,38272.75
240214,73.87905883789062,60.988242085774736,62.70877437970541,183.48606872558594,178.6999969482422,124.878173828125,43.73380661010742,150.96298217773438,0.117242,1.14,1.37,-0.2,-1.53,-0.18,0.021,51833.46,2776.52,5000.62,15859.15,38424.27
240215,72.63740539550781,61.8243049621582,63.3493312194346,183.19712829589844,176.75999450683594,125.1601333618164,43.595252990722656,152.96353149414062,0.131455,0.67,1.23,1.03,-0.21,0.26,0.021,51935.86,2825.16,5029.73,15906.17,38773.12
240216,72.59241485595703,62.644572194417314,63.94565919598444,181.6527099609375,173.8699951171875,123.22199249267578,43.060829162597656,149.73715209960938,0.142896,-0.53,-0.64,-0.21,0.06,0.17,0.021,52181.12,2803.34,5005.57,15775.65,38627.99
240220,69.43231964111328,63.32287991841634,64.29963679699956,180.9053955078125,165.69000244140625,121.34915161132812,44.060401916503906,149.0212860107422,0.164226,-0.74,-0.74,0.41,0.43,0.59,0.021,52284.38,3015.82,4975.51,15630.78,38563.8
240221,67.452880859375,63.83003641764323,64.50307189779798,181.66268920898438,164.2899932861328,121.43819427490234,43.021244049072266,149.07029724121094,0.165068,-0.03,-0.64,0.12,0.86,0.19,0.021,51833.99,2966.07,4981.8,15580.87,38612.24
240222,78.5157470703125,64.67639643351237,65.40711496509604,183.7052764892578,181.86000061035156,129.10072326660156,42.53630065917969,151.75730895996094,0.164222,2.02,-1.55,-1.32,0.38,-1.19,0.021,51262.51,2969.08,5087.03,16041.62,39069.11
240223,78.79466247558594,65.49173189798991,66.27082721548929,181.86195373535156,176.52000427246094,128.25680541992188,42.54619598388672,151.9142303466797,0.161688,0.02,0.33,-0.04,0.08,-0.11,0.021,50751.19,2924.67,5088.8,15996.82,39131.53
240226,79.06958770751953,66.30050277709961,67.09655369884608,180.50686645507812,176.00999450683594,129.51922607421875,42.54619598388672,153.9932403564453,0.143236,-0.25,0.97,-0.1,-0.72,0.0,0.021,54559.0,3179.13,5069.53,15976.25,39069.23
240227,78.6786880493164,67.0999760945638,67.84378817306998,181.9715576171875,178.0,128.24295043945312,42.28887939453125,155.23867797851562,0.132515,0.27,1.24,-0.44,-1.12,0.68,0.021,57064.29,3243.77,5078.18,16035.3,38972.41
240228,77.6409912109375,67.8091417948405,68.47586578841627,180.76593017578125,176.5399932861328,127.56922149658203,41.5565185546875,153.61236572265625,0.119385,-0.26,-0.89,-0.01,-0.06,0.52,0.021,62479.39,3386.58,5069.76,15947.74,38949.02
240229,79.0895767211914,68.5775572458903,69.16062133246629,180.0983428955078,192.52999877929688,128.66441345214844,42.60557556152344,155.5244903564453,0.103839,0.54,-0.16,0.99,0.27,-0.72,0.021,61240.13,3343.95,5096.27,16091.92,38996.39
240301,82.25567626953125,69.4163860321045,70.0054635864705,179.01226806640625,202.63999938964844,138.42738342285156,43.36763000488281,160.7484130859375,0.0858726,0.76,0.01,-0.56,-0.24,-0.16,0.021,62468.47,3438.86,5137.08,16274.94,39087.38
240304,85.21283721923828,70.2743423461914,70.9865839737849,174.4687042236328,205.36000061035156,138.7330780029297,45.13915252685547,164.1685791015625,0.0327385,-0.18,-0.61,0.35,-0.19,0.24,0.021,68277.61,3633.36,5130.95,16207.51,38989.83
240305,85.94366455078125,71.1512279510498,71.95155691423629,169.50665283203125,205.1300048828125,132.84542846679688,42.714439392089844,159.13194274902344,0.0155362,-1.08,0.05,1.13,0.91,0.56,0.021,63893.71,3565.18,5078.65,15939.59,38585.19
240306,88.67901611328125,72.111994043986,73.03074783030371,168.51025390625,210.6300048828125,133.56272888183594,44.05050277709961,165.47950744628906,-0.00138819,0.53,-0.27,-0.02,-1.08,-0.03,0.021,66092.71,3825.43,5104.76,16031.54,38661.05
240307,92.6470718383789,73.15540949503581,74.29631712114728,168.3907012939453,211.3800048828125,139.20301818847656,45.67357635498047,173.1970672607422,-0.0180413,1.02,-0.48,0.05,0.4,-0.73,0.021,66914.79,3877.26,5157.36,16273.38,38791.35
240308,87.5073013305664,74.01900177001953,75.14863868304529,170.1144561767578,207.38999938964844,129.47865295410156,43.54576873779297,168.1210174560547,-0.0344298,-0.66,0.6,0.6,-0.36,0.57,0.021,68313.7,3893.29,5123.69,16085.11,38722.69
240311,85.75371551513672,74.84366861979167,75.83283669612251,172.12718200683594,198.38999938964844,127.9352798461914,44.39689254760742,168.66311645507812,-0.0821708,-0.21,-0.63,0.4,0.45,0.64,0.021,72202.19,4072.22,5117.94,16019.27,38769.66
240312,91.89126586914062,75.8251340230306,76.86886389248532,172.60543823242188,202.75999450683594,127.81260681152344,44.772972106933594,170.594970703125,-0.0977644,1.04,-1.16,-0.68,0.53,-0.77,0.021,71471.62,3982.57,5175.27,16265.64,39005.49
240313,90.86650085449219,76.76214396158854,77.77193724487286,170.51303100585938,194.7899932861328,124.44779968261719,42.78371810913086,166.81997680664062,-0.113225,-0.14,0.35,-0.04,-0.04,0.17,0.021,73098.48,4008.37,5165.31,16177.77,39043.32
240314,87.9231948852539,77.64259834289551,78.4268570926394,172.3762664794922,187.05999755859375,124.88312530517578,42.30867385864258,166.0314483642578,-0.128559,-0.43,-1.46,-1.07,1.03,-0.1,0.021,71456.55,3885.42,5150.48,16128.53,38905.66
240315,87.81621551513672,78.46950098673503,79.03262215215535,171.9976348876953,191.05999755859375,122.23462677001953,42.199806213378906,164.7993927001953,-0.143771,-0.59,0.95,0.8,-0.09,0.42,0.021,69492.42,3743.28,5117.09,15973.17,38714.77
240318,88.43407440185547,79.2125951131185,79.63916745858764,173.09368896484375,190.64999389648438,122.4067611694336,42.26908874511719,164.52340698242188,-0.188755,0.53,-1.04,-0.22,0.24,-0.11,0.021,67566.95,3518.83,5149.42,16103.45,38790.43
240319,89.37686157226562,79.88141199747722,80.26740578850234,175.44517517089844,181.4199981689453,122.48295593261719,41.61589813232422,161.74391174316406,-0.203567,0.54,0.45,-0.24,0.49,0.08,0.021,61977.96,3163.75,5178.51,16166.79,39110.76
240320,90.35062408447266,80.61964391072591,80.91793600114559,178.0258331298828,179.72999572753906,126.77912902832031,41.76435089111328,165.2626495361328,-0.2183,1.03,1.04,1.01,-0.24,-0.06,0.021,67862.33,3515.04,5224.62,16369.41,39512.13
240321,91.41336822509766,81.33078536987304,81.5950606607554,170.7521514892578,178.67999267578125,133.9328155517578,41.982078552246094,168.39700317382812,-0.232959,0.42,0.34,0.97,0.27,0.05,0.021,65505.11,3499.59,5241.53,16401.84,39781.37
240322,94.26669311523438,82.15230026245118,82.41258582745692,171.65887451171875,179.64999389648438,134.47630310058594,42.130531311035156,167.65777587890625,-0.24755,-0.23,-0.99,-0.52,0.29,-0.36,0.021,63712.44,3329.97,5234.18,16428.82,39475.9
240325,94.97952270507812,82.91453247070312,83.22335594859378,170.23403930664062,178.6300048828125,134.28851318359375,41.39817428588867,165.11480712890625,-0.290533,-0.26,-0.11,0.87,-0.22,-0.17,0.021,69914.45,3591.17,5218.19,16384.47,39313.64
240326,92.53910064697266,83.59158503214518,83.82437173558597,169.09814453125,177.8699951171875,132.2924346923828,41.5565185546875,164.6712646484375,-0.304033,-0.26,0.11,-0.16,-0.52,0.21,0.021,69976.26,3586.44,5203.58,16315.7,39282.33
240327,90.22864532470703,84.19562149047852,84.23755067681958,172.68516540527344,179.58999633789062,131.024658203125,43.318145751953125,166.70169067382812,-0.317054,0.88,1.29,0.92,-0.15,0.58,0.021,69372.26,3497.26,5248.49,16399.52,39760.08
240328,90.33462524414062,84.74414037068685,84.63091032632417,170.8617401123047,180.49000549316406,131.6883544921875,43.714012145996094,166.8692626953125,-0.329603,0.1,0.47,0.46,-0.06,0.07,0.021,70770.78,3560.5,5254.35,16379.46,39807.37
240401,90.34162139892578,85.33428090413412,84.99934329875009,169.4169921875,183.33999633789062,134.15736389160156,44.060401916503906,169.25450134277344,-0.376056,-0.27,-0.91,-0.27,0.34,-0.31,0.021,69702.13,3506.34,5243.77,16396.83,39566.85
240402,89.43083953857422,85.89556172688802,85.28524628196456,168.2312774658203,178.6999969482422,133.0147705078125,43.486385345458984,168.58425903320312,-0.386634,-0.85,-1.03,0.04,0.26,0.02,0.021,65478.7,3282.75,5205.81,16240.45,39170.24
240403,88.94295501708984,86.54591649373373,85.52122749068232,169.03834533691406,180.77000427246094,135.44403076171875,39.91366195678711,171.41305541992188,-0.396195,0.16,0.33,-0.04,0.1,-0.19,0.021,65982.23,3309.6,5211.49,16277.46,39127.14
240404,85.88467407226562,87.16030960083008,85.5446756572361,168.21136474609375,165.8300018310547,130.90243530273438,39.31985092163086,167.32264709472656,-0.404743,-1.23,0.2,0.18,0.03,0.1,0.021,68415.92,3324.97,5147.21,16049.08,38596.98
240405,87.9871826171875,87.4760243733724,85.70225675142652,168.96859741210938,170.4199981689453,133.08131408691406,38.31038284301758,169.06723022460938,-0.412281,1.05,-0.5,-0.69,-0.29,-0.59,0.021,67878.68,3319.09,5204.34,16248.52,38904.04
240408,87.11238861083984,87.75328216552734,85.79323300042093,167.84268188476562,169.89999389648438,132.75047302246094,37.58791732788086,171.12721252441406,-0.428431,0.01,0.54,0.14,-0.24,0.1,0.021,71607.88,3699.13,5202.39,16253.96,38892.8
240409,85.33380126953125,87.96208928426107,85.76359224358933,169.0582733154297,170.77999877929688,132.54977416992188,37.934303283691406,173.04922485351562,-0.431088,0.14,0.31,-0.33,-0.17,0.05,0.021,69100.81,3502.0,5209.91,16306.64,38883.67
240410,87.0184097290039,88.24008000691732,85.84454821039027,167.1750946044922,167.13999938964844,131.3863067626953,36.81597137451172,168.40684509277344,-0.432312,-1.01,-1.56,-1.04,0.37,-0.45,0.021,70554.77,3540.47,5160.64,16170.36,38461.51
240411,90.59456634521484,88.67186559041342,86.15100050106318,174.40892028808594,170.5,137.35665893554688,37.24153137207031,172.6155548095703,-0.432103,0.72,0.05,-0.62,0.14,-0.54,0.021,70001.36,3502.38,5199.06,16442.2,38459.08
240412,88.16514587402344,88.97438430786133,86.28094487161582,175.91348266601562,163.27999877929688,133.54234313964844,35.321556091308594,168.83067321777344,-0.430461,-1.53,-0.38,0.13,0.67,-0.22,0.021,67107.27,3232.53,5123.41,16175.09,37983.24
240415,85.98065185546875,89.0985501607259,86.2615711286386,172.06739807128906,160.32000732421875,130.22581481933594,35.935157775878906,167.4014892578125,-0.417106,-1.29,-0.24,0.75,0.84,0.42,0.021,63359.28,3096.84,5061.82,15885.02,37735.11
240416,87.39432525634766,89.17126668294271,86.33465204010369,168.7693328857422,163.4600067138672,132.05099487304688,35.88566970825195,166.15957641601562,-0.410074,-0.23,-0.28,-0.82,0.04,-0.26,0.021,63840.0,3084.8,5051.41,15865.25,37798.97
240417,84.01512145996094,89.1069819132487,86.18500490590094,167.39430236816406,154.02000427246094,127.4378662109375,35.31166076660156,161.96075439453125,-0.401776,-0.64,-0.37,0.55,-0.32,0.54,0.021,61267.8,2985.84,5022.21,15683.37,37753.31
240418,84.65097045898438,88.97271347045898,86.08603444936475,166.437744140625,155.0800018310547,125.08908081054688,34.67826843261719,159.12210083007812,-0.39221,-0.27,-0.1,0.86,-0.03,0.29,0.021,63447.36,3062.23,5011.12,15601.5,37775.38
240419,76.18197631835938,88.423876953125,85.44706295704182,164.40512084960938,146.63999938964844,119.69599914550781,33.84693908691406,155.36680603027344,-0.381372,-0.82,1.25,1.9,-0.1,1.3,0.021,63836.5,3057.27,4967.23,15282.01,37986.4
240422,79.49919128417969,88.15693995157878,85.06332930072814,165.24209594726562,148.63999938964844,121.65828704833984,34.054771423339844,157.8801727294922,-0.340949,0.87,-0.12,0.55,-0.23,0.0,0.021,66828.83,3200.23,5010.6,15451.31,38239.98
240423,82.40350341796875,88.04526646931966,84.89172763087271,166.2982635498047,152.27000427246094,124.1153793334961,33.92611312866211,159.0334014892578,-0.324512,1.27,0.58,-0.01,-0.16,-0.63,0.021,66472.3,3221.28,5070.55,15696.64,38503.69
240424,79.65814971923828,87.63749643961589,84.55407793524434,168.41064453125,151.74000549316406,124.87347412109375,34.14384078979492,161.28067016601562,-0.306546,-0.01,-0.3,0.28,0.23,-0.02,0.021,64198.5,3135.53,5071.63,15712.75,38460.92
240425,82.61245727539062,87.36236165364583,84.42881208622153,169.27749633789062,153.75999450683594,128.60928344726562,34.74754333496094,160.9553985595703,-0.287043,-0.48,-0.39,-0.2,0.4,-0.09,0.021,64510.14,3156.67,5048.42,15611.76,38085.8
240426,87.7142562866211,87.3553965250651,84.64077524374478,168.68960571289062,157.39999389648438,133.54234313964844,31.55088996887207,163.28150939941406,-0.265995,1.04,0.22,-1.09,0.01,-0.45,0.021,63747.32,3130.88,5099.96,15927.9,38239.66
240429,87.73623657226562,87.35273081461588,84.840482918449,172.8744659423828,160.1999969482422,133.0008544921875,31.036258697509766,166.7706756591797,-0.19249,0.34,0.34,-0.49,0.22,-0.12,0.021,63804.4,3213.68,5116.17,15983.08,38386.09
240430,86.38156127929688,87.2843137105306,84.93990732882628,169.7158966064453,158.3800048828125,129.19052124023438,30.155445098876953,163.4687957763672,-0.163157,-1.67,-0.27,-0.26,-0.61,0.63,0.021,60690.8,3014.19,5035.69,15657.82,37815.92
240501,83.02135467529297,87.07246348063151,84.81612973827575,168.68960571289062,144.27000427246094,123.48645782470703,30.05647850036621,161.75376892089844,-0.13122,-0.27,1.0,-0.03,-1.43,-0.02,0.02,58278.09,2968.37,5018.39,15605.48,37903.29
240502,85.79669952392578,86.92066599527995,84.8793923050919,172.4061737060547,146.16000366210938,123.06021881103516,30.195032119750977,177.5142059326172,-0.0998071,1.01,0.7,0.02,0.03,-0.77,0.02,59071.21,2987.28,5064.2,15840.96,38225.66
240503,88.76799774169922,86.83248697916666,85.13027007519561,182.71885681152344,150.60000610351562,126.98876953125,30.581005096435547,177.060791015625,-0.0689046,1.19,-0.04,-0.22,0.42,-0.55,0.02,62855.86,3100.74,5127.79,16156.33,38675.68
240506,92.11820220947266,86.76087036132813,85.5811044064393,181.0548858642578,155.77999877929688,130.1880645751953,30.774776458740234,179.23907470703125,0.0194696,1.09,-0.02,-0.05,-0.24,-0.69,0.02,63145.67,3062.88,5180.74,16349.25,38852.27
240507,90.53257751464844,86.61263885498047,85.90055428438826,181.7423858642578,154.42999267578125,129.4727020263672,30.486604690551758,177.56346130371094,0.0456701,0.05,0.04,-0.65,0.14,0.2,0.02,62344.02,3012.07,5187.7,16332.56,38884.26
240508,90.39061737060547,86.54102274576823,86.19023577382164,182.08116149902344,153.6199951171875,131.6843719482422,29.81089210510254,177.95773315429688,0.070028,-0.09,-0.41,0.59,0.72,0.16,0.02,61156.89,2975.87,5187.67,16302.76,39056.39
240509,88.72601318359375,86.49093500773112,86.35383431638759,183.9045867919922,152.38999938964844,129.72705078125,29.90032386779785,177.94786071777344,0.0925529,0.52,0.51,0.39,0.02,0.08,0.02,63088.62,3037.21,5214.08,16346.26,39387.76
240510,89.85673522949219,86.47500508626302,86.57982743146567,182.63743591308594,151.9199981689453,132.42259216308594,29.66183853149414,179.46575927734375,0.113254,0.08,-0.91,0.01,0.49,-0.06,0.02,60801.1,2909.26,5222.68,16340.87,39512.84
240513,90.37762451171875,86.47620519002278,86.82484659793361,185.86013793945312,150.55999755859375,132.89056396484375,30.317676544189453,181.565185546875,0.164582,-0.04,0.25,-0.26,0.13,0.24,0.02,62909.03,2949.84,5221.42,16388.24,39431.51
240514,91.33439636230469,86.53965682983399,87.11578480019017,187.00755310058594,153.16000366210938,137.11521911621094,30.854272842407227,186.2568359375,0.178246,0.57,0.51,0.04,-0.16,-0.02,0.02,61558.14,2883.05,5246.68,16511.18,39558.11
240515,94.60760498046875,86.7284787495931,87.5991285298465,189.2924041748047,159.6699981689453,142.69308471679688,31.072887420654297,191.81585693359375,0.190214,1.15,-0.47,-0.21,-0.4,-0.38,0.02,66293.39,3033.51,5308.15,16742.39,39908.0
240516,94.33667755126953,87.01021219889323,88.0338091118738,189.41212463378906,162.6199951171875,140.30455017089844,31.828094482421875,190.49508666992188,0.200489,-0.25,-0.22,-0.01,-0.04,0.39,0.02,65282.62,2944.78,5297.1,16698.32,39869.38
240517,92.45711517333984,87.15920995076497,88.31918369648452,189.44204711914062,164.47000122070312,138.6313934326172,31.629356384277344,191.0766143798828,0.209075,0.11,-0.23,0.41,-0.19,-0.1,0.02,66941.22,3089.25,5303.27,16685.97,40003.59
240520,94.75758361816406,87.41404978434245,88.73456433659287,190.6094207763672,166.3300018310547,140.49334716796875,31.897653579711914,194.92062377929688,0.225269,0.14,0.16,-0.88,0.15,-0.66,0.02,71466.21,3674.27,5308.13,16794.87,39806.77
240521,95.36344146728516,87.74837112426758,89.16223382889561,191.91647338867188,164.66000366210938,139.01986694335938,31.5399227142334,197.96627807617188,0.2282,0.15,-0.43,0.19,0.41,-0.31,0.02,70191.19,3792.14,5321.41,16832.62,39872.99
240522,94.92753601074219,88.01200892130534,89.5341893005886,190.4697265625,165.52000427246094,138.32835388183594,31.221940994262695,200.01638793945312,0.229989,-0.35,-0.4,-0.38,-0.44,-0.05,0.02,69145.91,3737.52,5307.01,16801.54,39671.04
240523,103.77445220947266,88.45133870442709,90.45291593987145,186.45880126953125,160.42999267578125,138.43267822265625,29.8903865814209,198.86318969726562,0.230637,-0.85,-0.67,-0.64,1.3,-0.64,0.02,67903.82,3777.04,5267.84,16736.03,39065.26
240524,106.44381713867188,89.06062800089518,91.48458698495534,189.5518035888672,166.36000061035156,139.87831115722656,30.526351928710938,207.3397216796875,0.230144,0.72,0.13,0.23,0.34,-0.34,0.02,68567.61,3728.04,5304.72,16920.79,39069.59
240528,113.87405395507812,89.99040832519532,92.92906921718227,189.56178283691406,171.61000061035156,140.33633422851562,30.86421012878418,210.02066040039062,0.217168,-0.04,0.1,-0.83,0.15,-1.07,0.02,68350.32,3840.31,5306.04,17019.88,38852.86
240529,114.79783630371094,90.90385869344075,94.33995741631315,189.86111450195312,165.13999938964844,138.17236328125,29.94007110595703,205.26986694335938,0.211374,-0.77,-0.38,-0.66,0.44,-0.04,0.02,67573.57,3763.6,5266.95,16920.58,38441.54
240530,110.4738540649414,91.7858164469401,95.38085397428918,190.85885620117188,166.75,135.5304718017578,29.99969482421875,202.68679809570312,0.20457,-0.52,1.64,0.42,-0.02,0.7,0.02,68356.11,3747.69,5235.48,16737.08,38111.48
240531,109.60707092285156,92.6176867167155,96.29867442258353,191.81668090820312,166.89999389648438,132.0003204345703,30.655534744262695,201.94454956054688,0.196754,0.68,-0.1,0.95,1.03,0.91,0.02,67506.03,3762.04,5277.51,16735.02,38686.32
240603,114.97279357910156,93.91071421305338,97.50345679586822,193.59268188476562,163.5500030517578,131.33961486816406,30.099063873291016,203.7853546142578,0.170541,0.04,-0.32,-0.62,0.35,-0.43,0.022,68794.57,3763.81,5283.4,16828.67,38571.03
240604,116.40945434570312,95.14105631510417,98.72319857327692,193.91195678710938,159.99000549316406,132.2258758544922,29.8407039642334,202.26123046875,0.162257,-0.06,-1.33,-0.68,-0.15,-0.05,0.022,70596.56,3812.36,5291.34,16857.05,38711.29
240605,122.41104125976562,96.47464065551758,100.25144599631527,195.42852783203125,166.1699981689453,140.3999481201172,30.585975646972656,209.71353149414062,0.15424,1.23,0.35,-0.67,-0.47,-0.72,0.022,71164.39,3867.94,5354.03,17187.9,38807.33
240606,120.96937561035156,97.85168126424153,101.58808661657568,194.0416717529297,166.77999877929688,139.2255401611328,30.22824478149414,207.2789306640625,0.146487,-0.06,-0.57,-0.08,-0.04,-0.17,0.022,70770.7,3811.6,5352.96,17173.12,38886.17
240607,120.85940551757812,99.12657953898112,102.83139751341456,196.44622802734375,167.8699951171875,139.75909423828125,30.546226501464844,204.48802185058594,0.138994,-0.23,-0.95,0.09,0.37,0.2,0.022,69283.58,3674.78,5346.99,17133.13,38798.99
240610,121.76119232177734,100.26147791544597,104.05267459782506,192.68472290039062,160.33999633789062,143.1203155517578,30.71515464782715,207.18984985351562,0.117253,0.28,-0.13,-0.29,-0.22,-0.47,0.022,69490.62,3664.27,5360.79,17192.53,38868.04
240611,120.8913345336914,101.36664733886718,105.13903926275873,206.68310546875,158.9600067138672,145.16310119628906,30.7250919342041,206.36842346191406,0.109177,0.2,-0.21,-1.04,0.26,-0.19,0.022,67316.44,3498.6,5375.32,17343.55,38747.42
240612,125.18065643310547,102.6599505106608,106.43204682213594,212.58978271484375,160.24000549316406,148.58892822265625,30.56610107421875,213.16754150390625,0.100548,0.94,0.75,0.05,0.07,-0.38,0.022,68270.98,3559.08,5421.03,17608.44,38712.21
240613,129.58999633789062,104.21223805745443,107.92610709677889,213.75714111328125,159.89999389648438,166.81887817382812,30.26799201965332,215.56256103515625,0.0913625,0.04,-1.02,-0.62,0.97,-0.02,0.022,66764.3,3469.35,5433.74,17667.56,38647.1
240614,131.85963439941406,105.747669728597,109.47020661687078,212.01107788085938,159.6300048828125,172.38783264160156,30.258056640625,213.108154296875,0.0816171,-0.17,-1.46,-0.65,0.12,0.04,0.022,66022.42,3481.2,5431.6,17688.88,38589.16
240617,130.95977783203125,107.15406239827475,110.85663056623598,216.18165588378906,158.39999389648438,181.71044921875,30.784713745117188,219.9270477294922,0.048924,0.78,-0.33,0.58,0.93,0.24,0.022,66517.55,3511.73,5473.23,17857.02,38778.1
240618,135.55906677246094,108.60209121704102,112.45033612792791,213.8070068359375,154.6300048828125,179.09242248535156,30.436920166015625,224.74679565429688,0.0367818,0.2,-0.44,0.36,0.28,-0.11,0.022,65126.6,3480.94,5487.03,17862.23,38834.86
240620,130.75979614257812,109.94299850463867,113.63159161274406,209.2073974609375,161.77999877929688,172.3401336669922,30.426984786987305,213.2467041015625,0.0105735,-0.31,-0.36,0.26,-0.62,0.33,0.022,64842.53,3510.66,5473.17,17721.59,39134.76
240621,126.55045318603516,111.148326365153,114.4650665529564,207.02235412597656,161.22999572753906,164.79598999023438,30.894020080566406,210.3370361328125,-0.00350294,-0.13,0.44,-0.53,-0.81,0.17,0.022,64136.38,3519.63,5464.62,17689.36,39150.33
240624,118.09175872802734,112.12718454996745,114.69904669328356,207.67088317871094,160.25,158.6990203857422,30.37729835510254,198.76766967773438,-0.0492567,-0.25,0.62,1.09,-0.01,0.65,0.022,60236.01,3348.29,5447.87,17496.82,39411.21
240625,126.07052612304688,113.33431091308594,115.43269003524284,208.59878540039062,160.25,157.56077575683594,30.546226501464844,200.0839385986328,-0.0651273,0.31,-0.82,-1.22,0.08,-1.22,0.022,61820.98,3394.64,5469.3,17717.65,39112.16
240626,126.38047790527344,114.53440628051757,116.13899942230253,212.7693634033203,157.5399932861328,158.6781005859375,30.347488403320312,195.29388427734375,-0.0812459,0.16,-0.01,-0.19,0.46,-0.26,0.022,60794.33,3368.79,5477.9,17805.16,39127.8
240627,123.9708480834961,115.62228825887044,116.64427998108923,213.61746215820312,159.47000122070312,158.14585876464844,30.397172927856445,193.13636779785156,-0.0976188,0.14,0.53,-0.39,-0.97,-0.12,0.022,61622.64,3445.94,5482.87,17858.68,39164.06
240628,123.52091979980469,116.58606516520182,117.08793416294183,210.14527893066406,162.2100067138672,160.0266571044922,30.774776458740234,197.12478637695312,-0.114253,-0.35,1.0,1.28,-0.19,0.72,0.022,60322.28,3374.13,5460.48,17732.6,39118.86
240701,124.28080749511719,117.58420282999674,117.55199050695315,216.261474609375,157.69000244140625,163.54209899902344,30.645597457885742,197.9660186767578,-0.166735,0.22,-1.05,-0.46,0.49,-0.34,0.021,62870.34,3441.07,5475.09,17879.3,39169.52
240702,122.65105438232422,118.59066747029622,117.88096236988031,219.77354431152344,164.30999755859375,165.2046356201172,30.874147415161133,198.09469604492188,-0.184757,0.57,-0.47,0.39,0.52,-0.63,0.021,62056.54,3417.59,5509.01,18028.76,39331.85
240703,128.26019287109375,119.70742111206054,118.55059014415215,221.0506591796875,163.89999389648438,172.35511779785156,31.033138275146484,201.70701599121094,-0.202399,0.48,-0.29,-0.68,-0.05,0.59,0.021,60187.34,3296.53,5537.02,18188.3,39308.0
240705,125.8105697631836,120.72232538859049,119.01897592602515,225.82984924316406,171.89999389648438,169.77259826660156,31.818159103393555,203.6269989013672,-0.236574,0.48,-0.8,-1.43,-0.31,-1.04,0.021,56624.69,2983.42,5567.19,18352.76,39375.87
240708,128.18019104003906,121.83074696858723,119.61002206241315,227.30653381347656,178.69000244140625,174.01365661621094,33.77574157714844,205.7449188232422,-0.283486,0.1,0.55,-0.22,-0.35,0.47,0.021,56684.73,3016.38,5572.85,18403.74,39344.79
240709,131.35972595214844,122.7502560933431,120.36806747465414,228.16458129882812,177.10000610351562,172.7627716064453,34.3719596862793,204.9828643798828,-0.29564,0.0,-0.59,0.48,-0.44,0.66,0.021,57995.57,3065.68,5576.98,18429.29,39291.97
240710,134.88917541503906,123.69843470255533,121.30491314822737,232.45489501953125,183.9600067138672,173.89703369140625,34.65019226074219,206.64553833007812,-0.30578,0.97,-0.14,0.43,0.17,0.2,0.021,57653.32,3099.13,5633.91,18647.45,39721.36
240711,127.38032531738281,124.1486437479655,121.69687571587576,227.05709838867188,181.94000244140625,170.03575134277344,33.2888298034668,197.78787231445312,-0.313911,-0.59,4.21,1.75,-1.09,-0.09,0.021,57384.82,3102.42,5584.54,18283.41,39753.75
240712,129.2200469970703,124.6293841044108,122.1822416049851,230.0203857421875,181.61000061035156,169.5094757080078,34.27259063720703,200.34124755859375,-0.320036,0.58,0.62,-0.44,-0.5,0.15,0.021,57910.59,3134.73,5615.35,18398.45,40000.9
240715,128.420166015625,125.22759450276693,122.58468834115541,233.87168884277344,179.8300018310547,170.8580322265625,34.242774963378906,206.0319061279297,-0.327812,0.38,1.16,0.59,-0.22,-0.35,0.021,64772.57,3489.25,5631.22,18472.57,40211.72
240716,126.34048461914062,125.78537495930989,122.82699777844479,234.29074096679688,177.5500030517578,168.82473754882812,34.12353515625,207.47686767578125,-0.328762,0.83,2.76,1.37,-0.64,0.07,0.021,65045.81,3445.21,5667.2,18509.34,40954.48
240717,117.97177124023438,125.88534062703451,122.51375735662478,228.3641357421875,159.42999267578125,155.46865844726562,34.242774963378906,189.62301635742188,-0.329127,-1.5,0.49,2.46,0.83,-0.13,0.021,64157.33,3391.84,5588.27,17996.92,41198.08
240718,121.07129669189453,126.0407351175944,122.42069488603609,223.6747283935547,155.77000427246094,159.9937744140625,34.65019226074219,189.48446655273438,-0.328907,-0.95,-1.15,0.03,1.01,0.4,0.021,63999.59,3426.6,5544.59,17871.22,40665.02
240719,117.91178894042969,125.89076029459635,122.12979772825503,223.80442810058594,151.5800018310547,156.83416748046875,32.7721061706543,184.2886199951172,-0.328104,-0.68,0.07,-0.14,-0.09,-0.47,0.021,66771.26,3507.45,5505.0,17726.94,40287.53
240722,123.52091979980469,125.97581176757812,122.21954753932275,223.45523071289062,155.8699951171875,160.53199768066406,33.15964889526367,192.95823669433594,-0.321067,1.08,0.53,-0.53,-0.38,0.72,0.021,67585.54,3441.25,5564.41,18007.57,40415.44
240723,122.5710678100586,126.03286717732747,122.242226266467,224.5028533935547,154.0,163.23312377929688,32.7422981262207,191.35494995117188,-0.31569,-0.05,1.15,-0.03,-0.43,-0.18,0.021,65923.74,3480.12,5555.74,17997.35,40358.09
240724,114.23235321044922,125.78190587361654,121.72546026285295,218.0474395751953,144.6300048828125,150.8438720703125,31.50017547607422,179.20166015625,-0.30861,-2.37,0.02,1.71,0.1,0.08,0.021,65430.69,3336.95,5427.13,17342.41,39853.87
240725,112.26265716552734,125.49428354899088,121.11495683721904,216.99981689453125,138.32000732421875,148.7706756591797,30.90395736694336,173.58026123046875,-0.299822,-0.33,1.67,0.68,-0.11,0.15,0.021,65816.21,3173.31,5399.22,17181.72,39935.07
240726,113.04254150390625,125.08967946370443,120.59415535575405,217.46875,139.99000549316406,151.13291931152344,31.152381896972656,178.1921844482422,-0.289324,1.1,0.57,-0.2,0.02,0.08,0.021,67929.7,3273.71,5459.1,17357.88,40589.34
240729,111.57276153564453,124.48910547892253,120.01212994800505,217.7481231689453,139.75,149.7275390625,30.63566017150879,176.79673767089844,-0.24889,-0.04,-1.05,-0.43,0.61,-0.24,0.021,66827.89,3319.38,5463.54,17370.2,40539.93
240730,103.71398162841797,123.55091654459635,118.9606365080317,218.30685424804688,138.44000244140625,143.0495147705078,29.94007110595703,165.2174530029297,-0.234236,-0.53,0.68,1.38,0.47,-1.03,0.021,66200.81,3279.02,5436.44,17147.42,40743.33
240731,117.00192260742188,123.08565470377604,118.83426786928268,221.5794677734375,144.47999572753906,160.1532440185547,30.546226501464844,179.0828857421875,-0.219211,1.53,-0.97,-1.32,0.44,1.43,0.021,64607.71,3230.68,5522.3,17599.4,40842.79
240801,109.1931381225586,122.20679041544597,118.21225949852631,217.8678436279297,132.5399932861328,146.5380401611328,28.866878509521484,162.30780029296875,-0.20381,-1.61,-1.24,-0.67,0.91,-0.89,0.022,65342.4,3201.6,5446.68,17194.15,40347.97
240802,107.25342559814453,121.42324473063151,117.50523795656619,219.36447143554688,132.5,143.34852600097656,21.3445987701416,157.6661834716797,-0.189983,-2.12,-1.18,-0.78,0.96,0.79,0.022,61466.66,2983.86,5346.56,16776.16,39737.26
240805,100.43448638916016,120.552712504069,116.4038991457658,208.79833984375,134.82000732421875,141.61422729492188,19.983234405517578,156.32022094726562,-0.157458,-3.02,-0.34,-0.01,-0.13,-0.17,0.022,54025.9,2420.35,5186.33,16200.08,38703.27
240806,104.23389434814453,120.0907839457194,115.61873803813828,206.762939453125,130.17999267578125,143.4481964111328,19.704999923706055,157.082275390625,-0.149001,1.0,-0.03,-0.58,-0.12,0.29,0.022,56096.88,2463.28,5240.03,16366.85,38997.66
240807,98.89472961425781,119.18492431640625,114.53976975272664,209.34710693359375,128.6699981689453,135.82327270507812,18.989999771118164,154.50909423828125,-0.141657,-0.83,-0.55,0.84,0.74,-0.79,0.022,55100.98,2339.88,5199.5,16195.81,38763.45
240808,104.95378875732422,118.47070109049479,113.9213193659265,212.8292236328125,136.32000732421875,145.26223754882812,20.489999771118164,163.24798583984375,-0.135424,2.39,0.1,-0.85,-0.63,0.05,0.022,61644.69,2680.67,5319.31,16660.02,39446.49
240809,104.73382568359375,117.82946701049805,113.32857783803406,215.7526397705078,134.27000427246094,147.77395629882812,19.709999084472656,162.7828369140625,-0.130298,0.43,-0.8,-0.31,0.3,-0.21,0.022,60818.65,2597.02,5344.16,16745.3,39497.54
240812,109.00315856933594,117.3455416361491,113.04951853037612,217.2909393310547,136.77000427246094,148.13278198242188,19.360000610351562,161.20924377441406,-0.121061,-0.08,-0.87,-0.59,0.12,0.39,0.022,59337.91,2722.16,5344.39,16780.61,39357.01
240813,116.12206268310547,117.07358347574869,113.24774718539092,221.02682495117188,141.1300048828125,155.6480712890625,20.469999313354492,167.72134399414062,-0.119371,1.7,0.18,-0.77,-0.51,1.08,0.022,60596.01,2703.4,5434.43,17187.61,39765.64
240814,118.061767578125,116.92060724894206,113.55832914621247,221.47633361816406,140.75,157.1730499267578,19.920000076293945,165.42527770996094,-0.118293,0.3,-1.1,0.27,0.14,0.4,0.022,58779.3,2662.56,5455.21,17192.6,40008.39
240815,122.84102630615234,116.73996861775716,114.15721332616954,224.47303771972656,147.36000061035156,165.58538818359375,20.690000534057617,171.55140686035156,-0.117825,1.78,0.95,-0.74,-0.48,0.4,0.022,57502.3,2567.55,5543.22,17594.5,40563.06
240816,124.56076049804688,116.69830830891927,114.82840991790357,225.80157470703125,148.55999755859375,165.17672729492188,20.8700008392334,170.40338134765625,-0.117968,0.21,0.05,0.78,-0.21,0.51,0.022,58879.72,2591.97,5554.25,17631.72,40659.76
240819,129.97991943359375,116.7582992553711,115.80592666085133,225.64175415039062,155.27999877929688,167.16021728515625,21.520000457763672,172.46192932128906,-0.122329,0.98,0.25,-0.29,-1.03,0.49,0.022,59469.51,2636.87,5608.25,17876.77,40896.53
240820,127.23035430908203,116.6206532796224,116.54298601690527,226.2610626220703,156.39999389648438,165.40597534179688,20.989999771118164,170.3341064453125,-0.125449,-0.32,-0.72,-0.68,0.36,-0.65,0.022,59062.49,2574.46,5597.12,17816.94,40834.97
240821,128.48016357421875,116.40701955159506,117.3131265044739,226.15118408203125,157.80999755859375,165.2365264892578,21.40999984741211,172.42233276367188,-0.129448,0.52,0.84,-0.63,-0.43,0.19,0.022,61193.87,2633.14,5620.85,17918.99,40890.49
240822,123.72088623046875,116.28503824869792,117.7265308499829,224.2832489013672,151.6999969482422,161.80780029296875,20.100000381469727,167.25619506835938,-0.134328,-0.96,-0.25,1.39,0.56,-0.25,0.022,60378.7,2624.0,5570.64,17619.35,40712.78
240823,129.3500213623047,116.28937072753907,118.47643346368109,226.5906982421875,154.97999572753906,165.81463623046875,20.540000915527344,171.70977783203125,-0.14009,1.29,1.9,0.85,-0.48,0.68,0.022,64130.87,2766.56,5634.61,17877.79,41175.08
240826,126.44046783447266,116.22338078816732,118.99024213276444,226.93032836914062,149.99000549316406,159.0967254638672,20.1299991607666,167.74114990234375,-0.162837,-0.34,0.33,0.17,0.13,-0.06,0.022,62838.55,2681.41,5616.84,17725.76,41240.52
240827,128.2801971435547,116.28803787231445,119.58959406894445,227.77938842773438,150.5,160.8609161376953,20.06999969482422,172.13531494140625,-0.172439,0.05,-0.9,0.02,0.27,0.23,0.022,59398.77,2456.04,5625.8,17754.82,41250.5
240828,125.59060668945312,116.54199905395508,119.9767561734934,226.2410888671875,146.36000061035156,157.66143798828125,19.610000610351562,170.07679748535156,-0.183081,-0.67,-0.22,1.14,0.55,-0.16,0.022,59024.0,2529.22,5592.18,17556.03,41091.42
240829,117.57183837890625,116.42535069783528,119.82160018674585,229.53746032714844,145.49000549316406,156.41554260253906,20.1299991607666,167.74114990234375,-0.194767,0.08,0.67,0.28,-0.15,-1.22,0.022,59371.27,2527.81,5591.96,17516.43,41335.05
240830,119.35157012939453,116.47334340413411,119.79127566691675,228.7483367919922,148.55999755859375,162.28623962402344,22.040000915527344,173.49119567871094,-0.207501,0.98,-0.56,0.04,-0.2,-0.14,0.022,59113.86,2526.23,5648.4,17713.62,41563.08
