date,ADS_Index,NVDA,AMD,INTC,QCOM,Mkt-RF,SMB,HML,RMW,CMA,RF,SP500,T10Y3M,DGS10,OBMMIJUMBO30YF,DEXUSEU,DEXJPUS,DEXUSUK,CBBTCUSD,CBETHUSD,T10YIE,DCOILBRENTEU,VIXCLS,DAAA,DBAA,AMERIBOR,T5YIE,BAMLH0A0HYM2,BAMLH0A0HYM2EY,DGS1,DCOILWTICO,DHHNGSP,BTC-USD
20230901,0.0374616,48.49033737182617,109.4499969482422,36.00777053833008,113.03157043457033,0.26,0.84,0.59,-0.02,-0.2,0.021,4515.77,-1.35,4.18,7.504,1.0787,146.2,1.2594,25802.02,1628.83,2.26,89.98,13.09,4.94,6.0,5.44715,2.17,3.81,8.28,5.36,85.52,2.7,25800.724609375
20230904,0.0506053,,,,,,,,,,,,,,,,,,25814.79,1628.85,,90.42,13.82,,,5.44715,,3.81,8.28,,,,25812.416015625
20230905,0.0531455,48.5293197631836,110.77999877929688,36.10612106323242,114.16786193847656,-0.54,-1.58,-0.85,-0.32,-0.48,0.021,4496.83,-1.28,4.27,7.444,1.0727,147.63,1.2583,25778.03,1633.25,2.29,91.25,14.01,5.03,6.11,5.44838,2.21,3.83,8.38,5.42,86.74,2.6,25779.982421875
20230906,0.0548037,47.0467643737793,109.27999877929688,36.37167739868164,112.33609008789062,-0.71,0.02,-0.18,-0.45,0.1,0.021,4465.48,-1.25,4.3,7.438,1.0714,147.65,1.2498,25748.1,1632.05,2.3,91.79,14.45,5.03,6.09,5.44099,2.23,3.86,8.47,5.44,87.55,2.49,25753.236328125
20230907,0.0555804,46.22700881958008,106.58999633789062,37.55194091796875,104.22532653808594,-0.4,-0.69,0.03,-0.21,0.0,0.021,4451.14,-1.26,4.27,7.674,1.0704,147.13,1.2485,26267.36,1646.92,2.32,91.16,14.4,5.02,6.08,5.47049,2.24,3.9,8.45,5.4,86.87,2.45,26240.1953125
20230908,0.0554761,45.5582160949707,106.08999633789062,37.38473510742188,103.97062683105467,0.12,-0.51,0.39,0.29,0.01,0.021,4457.49,-1.29,4.26,7.359,1.0709,147.7,1.2476,25906.35,1636.26,2.33,91.85,13.84,5.0,6.05,5.44201,2.26,3.85,8.42,5.42,87.51,2.53,25905.654296875
20230911,0.0491557,45.164337158203125,105.31999969482422,37.955196380615234,108.02601623535156,0.66,-0.47,-0.53,-0.49,-0.34,0.021,4487.46,-1.26,4.29,7.371,1.0744,146.46,1.2529,25161.68,1551.36,2.35,91.97,13.8,5.04,6.09,5.45845,2.26,3.82,8.4,5.4,87.3,2.5,25162.654296875
20230912,0.0440856,44.85642623901367,105.30999755859376,38.22076034545898,108.95660400390624,-0.59,0.2,1.02,0.26,0.24,0.021,4461.9,-1.29,4.27,7.57,1.0726,147.12,1.2477,25852.36,1593.34,2.34,93.58,14.23,5.01,6.06,5.47475,2.27,3.84,8.42,5.42,88.87,2.72,25833.34375
20230913,0.0374114,45.47124481201172,107.70999908447266,38.07322311401367,110.33777618408205,0.03,-0.87,-0.22,0.27,-0.36,0.021,4467.44,-1.3,4.25,7.416,1.0737,147.45,1.2488,26216.13,1607.52,2.35,93.04,13.48,5.0,6.06,5.47456,2.28,3.85,8.41,5.42,88.59,2.76,26228.32421875
20230914,0.0291305,45.56721878051758,106.62999725341795,38.033878326416016,111.70916748046876,0.84,0.49,0.86,0.83,0.02,0.021,4505.1,-1.26,4.29,7.241,1.066,147.17,1.241,26531.31,1626.97,2.34,95.2,12.82,5.05,6.09,5.4939,2.27,3.78,8.35,5.42,90.13,2.81,26539.673828125
20230915,0.0192397,43.88672256469727,101.48999786376952,37.256874084472656,110.82756042480467,-1.21,0.21,0.25,-0.32,0.48,0.021,4450.32,-1.23,4.33,7.397,1.0673,147.83,1.2392,26620.02,1642.53,2.35,95.55,13.79,5.07,6.11,5.48798,2.27,3.79,8.4,5.43,90.83,2.74,26608.693359375
20230918,-0.0192679,43.95269775390625,102.37000274658205,37.36506652832031,110.44552612304688,-0.04,-0.81,-0.19,0.21,-0.05,0.021,4453.53,-1.23,4.32,7.503,1.0695,147.63,1.2403,26767.54,1637.09,2.36,95.95,14.0,5.08,6.09,5.50091,2.29,3.82,8.43,5.44,91.47,2.54,26754.28125
20230919,-0.0339128,43.5068359375,101.61000061035156,35.742210388183594,108.45702362060548,-0.27,-0.11,-0.01,0.34,0.31,0.021,4443.95,-1.17,4.37,7.397,1.0684,147.8,1.2393,27199.35,1642.82,2.37,96.11,14.11,5.1,6.12,5.51098,2.3,3.82,8.48,5.45,91.16,2.46,27211.1171875
20230920,-0.0493272,42.22622680664063,100.33999633789062,34.11935043334961,106.98768615722656,-0.95,-0.05,0.27,0.26,0.5,0.021,4402.2,-1.21,4.35,7.442,1.0715,147.74,1.2389,27119.41,1622.0,2.35,94.56,15.14,5.07,6.08,5.48672,2.27,3.77,8.47,5.47,89.2,2.78,27132.0078125
20230921,-0.065517,41.00459671020508,96.11000061035156,34.08000946044922,105.75343322753906,-1.69,0.34,0.38,0.55,0.14,0.021,4330.0,-1.08,4.49,7.631,1.0664,147.42,1.2299,26567.29,1584.04,2.38,93.7,17.54,5.21,6.15,5.52178,2.29,3.89,8.64,5.46,89.56,2.7,26567.6328125
20230922,-0.0824883,41.597412109375,96.1999969482422,33.61774063110352,105.47915649414062,-0.25,-0.09,-0.5,0.17,-0.18,0.021,4320.06,-1.12,4.44,7.658,1.066,148.24,1.2257,26582.63,1593.22,2.37,93.99,17.2,5.15,6.17,5.51339,2.29,3.93,8.62,5.46,90.0,2.63,26579.568359375
20230925,-0.138169,42.209232330322266,97.37999725341795,33.725929260253906,108.17294311523438,0.39,-0.07,0.35,0.59,-0.46,0.021,4337.44,-1.03,4.55,7.641,1.0591,148.74,1.2218,26296.86,1587.9,2.37,94.01,16.9,5.29,6.3,5.52945,2.25,3.97,8.72,5.45,89.68,2.63,26298.48046875
20230926,-0.158358,41.89832305908203,95.95999908447266,33.27350234985352,107.47746276855467,-1.46,0.35,-0.5,-0.36,-0.08,0.021,4273.53,-1.02,4.56,7.676,1.0573,148.9,1.2168,26200.13,1592.46,2.33,94.46,18.94,5.32,6.33,5.52364,2.2,4.04,8.8,5.45,91.43,2.55,26217.25
20230927,-0.179374,42.45515441894531,98.06999969482422,34.040672302246094,106.9582977294922,0.13,0.78,0.12,0.18,-0.27,0.021,4274.51,-0.97,4.61,7.697,1.051,149.48,1.2133,26351.82,1596.96,2.34,97.1,18.22,5.38,6.38,5.50748,2.23,4.03,8.85,5.49,93.67,2.72,26352.716796875
20230928,-0.201228,43.075965881347656,102.76000213623048,34.60129165649414,108.82925415039062,0.65,0.19,0.03,0.43,-0.03,0.021,4299.7,-0.97,4.59,7.591,1.0578,149.18,1.2223,27035.82,1653.08,2.39,96.64,17.34,5.38,6.39,5.49542,2.27,4.09,8.84,5.46,91.65,2.74,27021.546875
20230929,-0.223926,43.48584365844727,102.81999969482422,34.96520233154297,108.79006958007812,-0.27,-0.02,0.3,-0.18,-0.15,0.021,4288.05,-0.96,4.59,7.597,1.0584,149.43,1.2214,26900.3,1666.74,2.35,95.86,17.52,5.36,6.37,5.52738,2.22,4.03,8.77,5.46,90.77,2.68,26911.720703125
20231002,-0.294784,44.76845550537109,103.2699966430664,34.87668228149414,108.82925415039062,-0.14,-1.28,-1.05,0.86,-0.52,0.021,4288.39,-0.93,4.69,7.563,1.05,149.8,1.213,27517.12,1663.11,2.35,91.21,17.61,5.46,6.47,5.48104,2.23,4.11,8.96,5.49,88.81,2.7,27530.78515625
20231003,-0.316161,43.50383377075195,100.08000183105467,35.10289764404297,107.93785858154295,-1.5,-0.26,-0.14,0.29,0.15,0.021,4229.45,-0.81,4.81,7.952,1.0453,149.16,1.2069,27421.92,1657.34,2.36,94.46,19.78,5.6,6.63,5.48738,2.21,4.26,9.19,5.49,89.26,2.71,27429.978515625
20231004,-0.336032,44.02768325805664,104.06999969482422,35.338951110839844,107.60481262207033,0.77,-0.53,-0.39,-0.39,-0.33,0.021,4263.75,-0.88,4.73,7.709,1.0518,148.83,1.2157,27782.29,1646.37,2.33,89.83,18.58,5.55,6.56,5.4913,2.18,4.37,9.21,5.42,84.32,2.92,27799.39453125
20231005,-0.354405,44.67448425292969,102.91000366210938,35.29960632324219,107.55582427978516,-0.15,0.28,0.08,-0.45,-0.12,0.021,4258.19,-0.89,4.72,7.641,1.0527,148.49,1.2171,27419.39,1612.3,2.31,88.28,18.49,5.56,6.57,5.49868,2.14,4.38,9.2,5.39,82.3,2.92,27415.912109375
20231006,-0.371287,45.7481575012207,107.23999786376952,35.59467697143555,108.61375427246094,1.21,-0.44,-0.55,-0.32,-0.52,0.021,4308.5,-0.85,4.78,7.629,1.0596,149.08,1.2255,27949.12,1646.04,2.31,87.86,17.45,5.6,6.62,5.50475,2.17,4.33,9.22,5.43,82.83,3.3,27946.59765625
20231009,-0.413241,45.25930404663086,106.97000122070312,35.466819763183594,109.51494598388672,0.58,-0.16,0.26,0.81,-0.38,0.021,4335.66,,,,,,,27587.43,1579.69,,91.37,17.7,,,5.50475,,4.34,9.23,,,,27583.677734375
20231010,-0.424608,45.78414916992188,109.01000213623048,35.83072662353516,110.01451873779295,0.61,0.32,0.64,-0.24,0.19,0.021,4358.24,-0.95,4.66,7.831,1.0618,148.62,1.2288,27391.73,1567.45,2.32,90.7,17.03,5.47,6.49,5.50035,2.18,4.26,8.98,5.37,85.89,3.34,27391.01953125
20231011,-0.434707,46.79184341430664,108.30999755859376,36.2733268737793,108.84884643554688,0.32,-0.65,0.39,0.64,-0.25,0.021,4376.95,-1.03,4.58,7.691,1.062,149.17,1.2304,26851.85,1565.08,2.32,87.58,16.09,5.38,6.4,5.50034,2.2,4.25,8.97,5.38,83.7,3.19,26873.3203125
20231012,-0.443541,46.93080139160156,108.79000091552734,36.23398208618164,109.18189239501952,-0.81,-1.49,0.12,1.18,-0.22,0.021,4349.61,-0.93,4.7,7.784,1.0553,149.71,1.2214,26745.5,1539.26,2.34,88.4,16.69,5.52,6.53,5.48073,2.23,4.25,9.08,5.43,82.87,3.16,26756.798828125
20231013,-0.451114,45.44724655151367,105.08999633789062,35.3782958984375,106.43912506103516,-0.59,-0.35,0.06,0.08,0.46,0.021,4327.78,-0.99,4.63,7.786,1.0502,149.62,1.2139,26859.1,1551.48,2.34,94.33,19.32,5.43,6.45,5.46242,2.26,4.3,9.07,5.41,87.67,3.11,26862.375
20231016,-0.465412,46.08106231689453,106.45999908447266,35.95859146118164,108.25131225585938,1.14,0.58,-0.09,-0.36,-0.02,0.021,4373.63,-0.9,4.71,7.643,1.0546,149.57,1.2198,28534.29,1600.62,2.38,90.99,17.21,5.52,6.54,5.49766,2.3,4.27,9.1,5.42,86.65,2.98,28519.466796875
20231017,-0.466203,43.92470932006836,105.13999938964844,35.466819763183594,109.90676879882812,0.09,1.05,0.7,-0.07,0.33,0.021,4373.2,-0.79,4.83,7.861,1.0593,149.71,1.2206,28408.19,1565.57,2.41,92.52,17.88,5.59,6.63,5.49611,2.32,4.25,9.21,5.48,86.66,2.94,28415.748046875
20231018,-0.464862,42.18323516845703,102.16999816894533,35.05372619628906,108.71170806884766,-1.47,-0.6,-0.17,0.85,0.46,0.021,4314.6,-0.7,4.91,7.945,1.0532,149.86,1.215,28309.35,1562.14,2.44,91.99,19.22,5.65,6.69,5.49635,2.35,4.32,9.32,5.47,88.35,2.92,28328.341796875
20231019,-0.461387,42.0882682800293,102.4000015258789,35.083229064941406,109.00557708740234,-0.92,-0.54,-0.22,-0.05,0.0,0.021,4278.0,-0.62,4.98,8.06,1.057,149.92,1.2145,28734.51,1567.78,2.49,93.12,21.4,5.79,6.8,5.50707,2.52,4.37,9.39,5.44,89.35,2.84,28719.806640625
20231020,-0.455777,41.37448120117188,101.80999755859376,34.34556198120117,106.40972900390624,-1.32,0.08,-0.15,0.2,0.37,0.021,4224.16,-0.65,4.93,8.171,1.0592,149.85,1.2153,29686.66,1605.03,2.47,93.72,21.71,5.8,6.81,5.48256,2.47,4.52,9.45,5.41,89.12,2.6,29682.94921875
20231023,-0.426451,42.962005615234375,100.01000213623048,33.29316711425781,106.43912506103516,-0.23,-0.58,-0.78,0.17,-0.44,0.021,4217.04,-0.72,4.86,8.021,1.0646,149.78,1.2235,33106.86,1766.77,2.41,91.88,20.37,5.7,6.71,5.49489,2.41,4.51,9.4,5.42,85.49,2.65,33086.234375
20231024,-0.412946,43.6497917175293,101.66999816894533,34.020999908447266,107.15421295166016,0.71,0.09,-0.58,-0.9,0.15,0.021,4247.68,-0.75,4.83,7.913,1.0595,149.84,1.217,33919.92,1784.81,2.4,88.0,18.97,5.67,6.67,5.5054,2.38,4.41,9.3,5.41,84.58,2.85,33901.52734375
20231025,-0.397626,41.766357421875,96.05999755859376,32.28995132446289,102.638427734375,-1.58,-0.02,0.84,1.5,0.2,0.021,4186.77,-0.64,4.95,7.878,1.0583,149.94,1.214,34489.91,1787.24,2.43,90.14,20.19,5.77,6.78,5.48697,2.4,4.37,9.35,5.43,86.07,2.86,34502.8203125
20231026,-0.380484,40.31380462646485,93.66999816894533,31.98504638671875,103.46125793457033,-1.15,1.19,1.66,-0.76,0.48,0.021,4137.23,-0.73,4.86,8.232,1.0532,150.44,1.2113,34140.0,1803.2,2.42,88.45,20.68,5.68,6.68,5.48787,2.37,4.5,9.38,5.39,83.8,2.87,34156.6484375
20231027,-0.361514,40.48775100708008,96.43000030517578,34.95537185668945,104.28409576416016,-0.53,-0.58,-0.57,0.42,-0.96,0.021,4117.37,-0.75,4.84,7.946,1.0592,149.6,1.2151,33905.16,1779.85,2.42,90.73,21.27,5.71,6.72,5.50835,2.39,4.53,9.38,5.39,86.04,3.24,33909.80078125
20231030,-0.293668,41.1485481262207,96.18000030517578,35.10289764404297,105.62609100341795,1.15,-0.34,0.28,-0.14,0.17,0.021,4166.82,-0.72,4.88,8.095,1.062,149.01,1.2157,34485.49,1809.43,2.44,90.73,19.75,5.73,6.74,5.48594,2.4,4.5,9.39,5.41,83.03,3.17,34502.36328125
20231031,-0.267529,40.76766586303711,98.5,35.89957427978516,106.76238250732422,0.63,0.05,-0.08,-0.84,0.06,0.021,4193.8,-0.71,4.88,7.942,1.0568,151.46,1.2135,34667.88,1815.73,2.42,86.82,18.14,5.72,6.73,5.48762,2.4,4.42,9.38,5.44,81.64,3.34,34667.78125
20231101,-0.239632,42.31220245361328,108.04000091552734,36.67658233642578,108.62354278564452,0.93,-0.68,-0.03,0.12,-0.71,0.021,4237.86,-0.8,4.77,7.902,1.0538,150.96,1.2127,35469.43,1848.91,2.41,86.92,16.87,5.67,6.68,5.4924,2.36,4.47,9.29,5.37,81.05,3.19,35437.25390625
20231102,-0.21284,43.49283981323242,107.83000183105467,37.079837799072266,114.96131134033205,1.95,0.71,1.64,-0.25,0.53,0.021,4317.78,-0.87,4.67,7.814,1.0618,150.48,1.2175,34935.25,1801.48,2.4,89.02,15.66,5.5,6.51,5.51272,2.35,4.15,8.93,5.38,83.04,3.12,34938.2421875
20231103,-0.187143,44.99139022827149,112.25,37.51259613037109,117.0771484375,1.1,1.74,0.59,-1.18,0.18,0.021,4358.34,-0.96,4.57,7.805,1.0733,149.36,1.2374,34735.91,1834.86,2.39,87.55,14.91,5.43,6.43,5.47999,2.32,4.04,8.69,5.29,81.19,3.0,34732.32421875
20231106,-0.115969,45.73716354370117,111.75,37.44845581054688,117.4787826538086,0.01,-1.23,-0.65,0.88,-0.19,0.021,4365.98,-0.89,4.67,7.669,1.0747,149.77,1.2391,35063.96,1901.98,2.42,87.31,14.89,5.51,6.51,5.4686,2.35,4.0,8.73,5.33,81.54,2.71,35037.37109375
20231107,-0.093445,45.941104888916016,113.4499969482422,38.25761795043945,118.2526397705078,0.35,-0.41,-1.21,-1.31,-0.07,0.021,4378.38,-0.97,4.58,7.732,1.0687,150.47,1.2296,35420.95,1886.39,2.39,83.43,14.81,5.41,6.41,5.4806,2.32,4.08,8.76,5.33,77.96,2.0,35443.5625
20231108,-0.0714149,46.55991363525391,113.58999633789062,37.418853759765625,117.60612487792967,-0.04,-1.0,-0.44,0.44,0.04,0.021,4382.78,-1.05,4.49,7.494,1.0715,150.77,1.2301,35581.68,1888.43,2.34,81.46,14.45,5.32,6.33,5.47474,2.29,4.08,8.75,5.34,75.85,2.18,35655.27734375
20231109,-0.0498698,46.9358024597168,113.48999786376952,37.30044174194336,117.64530181884766,-0.89,-1.01,0.49,0.54,-0.3,0.021,4347.35,-0.92,4.62,7.66,1.071,151.04,1.2279,36669.3,2121.15,2.33,81.74,15.29,5.44,6.45,5.47041,2.3,4.04,8.83,5.39,76.34,2.71,36693.125
20231110,-0.0288016,48.32037734985352,118.58999633789062,38.346435546875,121.67130279541016,1.49,-0.62,-0.44,0.74,-0.35,0.021,4415.24,-0.92,4.61,,,,,37305.81,2077.74,2.32,83.66,14.17,5.4,6.41,5.44565,2.28,4.03,8.82,5.38,,2.71,37313.96875
20231113,0.0304436,48.60529327392578,116.79000091552734,37.72475814819336,121.31865692138672,-0.05,0.06,-0.27,-0.3,-0.18,0.021,4411.55,-0.92,4.63,7.953,1.07,151.56,1.2268,36470.45,2057.4,2.31,84.09,14.76,5.41,6.42,5.48471,2.29,4.03,8.81,5.37,78.86,2.61,36502.35546875
20231114,0.0473271,49.6409797668457,119.87999725341795,38.88916397094727,124.75691986083984,2.18,3.22,1.18,-0.98,-0.23,0.021,4495.7,-1.08,4.44,7.632,1.0861,150.75,1.2483,35552.8,1980.17,2.28,84.2,14.16,5.24,6.27,5.48316,2.23,3.92,8.48,5.24,78.9,2.69,35537.640625
20231115,0.062593,48.87321090698242,118.0,40.07330322265625,126.28502655029295,0.18,0.13,0.49,-0.14,0.5,0.021,4502.88,-1.0,4.53,7.669,1.0853,151.07,1.2431,37876.32,2058.25,2.31,82.4,14.18,5.31,6.33,5.46784,2.24,3.89,8.55,5.27,77.15,2.88,37880.58203125
20231116,0.0762472,49.46503829956055,119.83000183105467,42.77709197998047,126.06952667236328,-0.11,-1.5,-0.31,-0.44,-0.37,0.021,4508.24,-1.06,4.45,7.665,1.0851,150.59,1.2423,36150.03,1960.91,2.27,77.73,14.32,5.25,6.26,5.47791,2.2,4.02,8.59,5.23,73.5,2.91,36154.76953125
20231117,0.0882948,49.2830924987793,120.62000274658205,43.23101425170898,126.82379150390624,0.25,1.22,0.62,0.03,0.37,0.021,4514.02,-1.06,4.44,7.563,1.0879,149.82,1.243,36626.6,1960.65,2.28,81.22,13.8,5.21,6.22,5.46244,2.23,3.99,8.57,5.24,76.47,2.62,36596.68359375
20231120,0.115502,50.39375305175781,121.52999877929688,44.14872360229492,126.86298370361328,0.73,-0.11,-0.28,-0.32,-0.31,0.021,4547.38,-1.12,4.42,7.58,1.0945,148.26,1.2505,37476.08,2022.48,2.3,83.25,13.41,5.17,6.18,5.4796700000000005,2.26,3.92,8.5,5.25,78.1,2.49,37476.95703125
20231121,0.122486,49.92889404296875,119.16000366210938,43.063262939453125,124.42385864257812,-0.32,-0.96,-0.61,0.42,-0.03,0.021,4538.19,-1.12,4.41,7.522,1.0923,147.88,1.254,35734.18,1937.09,2.25,82.42,13.35,5.17,6.18,5.43738,2.19,3.95,8.51,5.24,78.35,2.63,35813.8125
20231122,0.128541,48.701263427734375,122.51000213623048,43.09286117553711,124.89405059814452,0.42,0.2,-0.05,-0.38,0.01,0.021,4556.62,-1.12,4.42,7.465,1.0871,149.67,1.2468,37443.86,2064.29,2.26,81.76,12.85,5.14,6.13,5.45038,2.21,3.9,8.48,5.26,76.8,2.72,37432.33984375
20231123,0.133671,,,,,,,,,,,,,,,,,,37298.0,2062.23,,80.85,12.8,,,5.45038,,3.9,8.48,,,,37289.62109375
20231124,0.137877,47.76155090332031,122.30999755859376,43.3790283203125,125.13895416259766,0.11,0.62,0.19,-0.51,0.24,0.021,4559.34,-1.07,4.47,,1.0934,149.57,1.2601,37745.94,2082.1,2.26,79.82,12.46,5.2,6.19,5.41906,2.21,3.85,8.49,5.27,74.83,2.72,37720.28125
20231127,0.145102,48.22740936279297,122.6500015258789,43.4974479675293,125.57975769042967,-0.23,-0.14,-0.08,0.12,-0.25,0.021,4550.43,-1.1,4.39,7.604,1.0937,148.89,1.2613,37244.39,2027.63,2.21,79.49,12.69,5.08,6.1,5.47352,2.12,3.89,8.44,5.24,74.46,2.74,37254.16796875
20231128,0.145897,47.80653381347656,122.01000213623048,43.64546203613281,124.00265502929688,0.06,-0.3,0.05,-0.17,0.02,0.021,4554.89,-1.13,4.34,7.336,1.1007,147.41,1.2713,37840.46,2048.79,2.22,81.66,12.69,5.06,6.09,5.45933,2.15,3.9,8.37,5.21,76.09,2.78,37831.0859375
20231129,0.14591,48.12543869018555,123.8499984741211,44.3460807800293,126.09253692626952,0.02,0.58,0.69,-0.78,-0.06,0.021,4550.58,-1.18,4.27,7.479,1.0969,147.39,1.269,37864.76,2028.64,2.21,82.98,12.98,4.99,5.99,5.44731,2.14,3.8,8.18,5.12,77.56,2.7,37858.4921875
20231130,0.14514,46.755855560302734,121.16000366210938,44.1092529296875,127.21634674072266,0.35,-0.4,0.02,-0.11,0.19,0.021,4567.8,-1.08,4.37,7.606,1.0908,147.87,1.264,37743.0,2054.06,2.23,81.72,12.92,5.01,6.04,5.46411,2.15,3.84,8.3,5.16,75.66,2.75,37712.74609375
20231201,0.143587,46.7508544921875,121.38999938964844,43.16194152832031,127.8275375366211,0.82,2.23,1.06,-0.37,0.57,0.021,4594.63,-1.21,4.22,7.232,1.0878,147.0,1.2682,38714.0,2088.87,2.22,78.72,12.63,4.93,5.93,5.41739,2.12,3.87,8.19,5.05,73.7,2.63,38688.75
20231204,0.13652,45.49623107910156,118.56999969482422,41.79030990600586,128.1035614013672,-0.44,1.5,0.5,-0.43,0.77,0.021,4569.78,-1.18,4.28,7.225,1.0824,147.15,1.2633,41856.31,2239.11,2.21,78.16,13.08,4.96,5.95,5.43645,2.13,3.8,8.17,5.1,72.73,2.55,41980.09765625
20231205,0.132526,46.55600738525391,118.37999725341795,41.365989685058594,128.89218139648438,-0.21,-1.06,-0.83,0.19,-0.41,0.021,4567.18,-1.27,4.18,7.306,1.0787,147.26,1.259,44060.06,2293.56,2.17,77.27,12.85,4.86,5.83,5.42512,2.09,3.8,8.09,5.06,71.95,2.72,44080.6484375
20231206,0.127608,45.49323654174805,116.81999969482422,40.72458267211914,128.1134033203125,-0.39,0.36,0.31,-0.23,0.26,0.021,4549.34,-1.33,4.12,7.284,1.079,147.16,1.2589,43778.51,2233.53,2.14,74.33,12.97,4.77,5.75,5.42924,2.05,3.79,8.06,5.07,68.98,2.76,43746.4453125
20231207,0.121762,46.58600234985352,128.3699951171875,41.59295654296875,131.0510711669922,0.81,0.1,0.47,0.06,-0.19,0.021,4585.59,-1.3,4.14,7.153,1.0794,144.1,1.2582,43305.91,2358.5,2.17,74.21,13.06,4.83,5.77,5.42945,2.06,3.77,8.05,5.05,69.0,2.52,43292.6640625
20231208,0.114987,47.49580764770508,128.9199981689453,42.135684967041016,131.0806427001953,0.44,0.16,0.53,-0.14,-0.09,0.021,4604.37,-1.21,4.23,7.301,1.0746,144.88,1.2539,44223.94,2359.06,2.21,75.94,12.35,4.91,5.84,5.429,2.11,3.75,8.14,5.13,70.87,2.57,44166.6015625
20231211,0.0896195,46.61699676513672,134.41000366210938,43.95136642456055,134.1661834716797,0.34,-0.43,-0.12,0.02,0.65,0.021,4622.44,-1.24,4.23,7.102,1.0747,146.41,1.255,41205.53,2223.13,2.19,75.75,12.63,4.91,5.84,5.4417100000000005,2.11,3.79,8.18,5.14,70.95,2.39,41243.83203125
20231212,0.0802214,47.64677810668945,137.61000061035156,43.45797348022461,134.7379150390625,0.34,-0.64,-0.88,-0.38,-0.22,0.021,4643.7,-1.26,4.2,7.333,1.079,145.45,1.2549,41452.65,2201.29,2.16,74.11,12.07,4.88,5.8,5.44427,2.08,3.76,8.13,5.14,68.27,2.37,41450.22265625
20231213,0.0704399,48.07768630981445,138.19000244140625,43.98097229003906,136.82781982421875,1.55,1.92,1.35,-0.99,0.17,0.021,4707.09,-1.4,4.04,7.121,1.0793,145.17,1.2527,42927.11,2262.0,2.16,74.14,12.19,4.75,5.65,5.42844,2.08,3.79,7.92,4.94,69.09,2.33,42890.7421875
20231214,0.0602714,48.339622497558594,138.0,44.58290863037109,139.4894561767578,0.51,1.84,2.05,0.05,0.41,0.021,4719.55,-1.51,3.92,6.924,1.0997,141.53,1.2767,43031.34,2315.38,2.22,77.05,12.48,4.6,5.49,5.43108,2.18,3.47,7.5,4.9,71.21,2.39,43023.97265625
20231215,0.0497118,48.87950897216797,139.14999389648438,45.54995727539063,141.09629821777344,-0.06,-0.59,-0.57,0.14,-0.35,0.021,4719.19,-1.53,3.91,6.933,1.0906,141.8,1.2709,41939.81,2221.97,2.22,76.84,12.28,4.61,5.48,5.4255,2.17,3.51,7.57,4.95,71.05,2.44,41929.7578125
20231218,0.0158185,50.066253662109375,138.89999389648438,45.08616256713867,139.63729858398438,0.42,-0.51,-0.38,0.35,-0.25,0.021,4740.56,-1.51,3.95,7.036,1.092,143.04,1.2632,42638.28,2216.31,2.21,78.89,12.56,4.65,5.53,5.43264,2.18,3.51,7.6,4.95,72.16,2.59,42623.5390625
20231219,0.00399753,49.59335708618164,140.14999389648438,46.04335021972656,141.19485473632812,0.72,1.5,0.7,-0.38,0.06,0.021,4768.37,-1.5,3.93,6.914,1.0977,143.62,1.2751,42252.2,2176.64,2.19,79.82,12.53,4.64,5.5,5.43732,2.17,3.46,7.54,4.93,73.23,2.44,42270.52734375
20231220,-0.00806377,48.10067367553711,135.47000122070312,45.15524291992188,138.4445037841797,-1.56,-0.34,0.13,0.76,0.08,0.021,4698.35,-1.58,3.86,6.894,1.0957,143.77,1.266,43647.01,2199.42,2.19,81.1,13.67,4.61,5.49,5.43034,2.16,3.43,7.43,4.88,73.87,2.48,43652.25
20231221,-0.02037,48.9794921875,139.91000366210938,46.457801818847656,140.4160919189453,1.09,0.75,-0.03,-0.57,-0.17,0.021,4746.75,-1.53,3.89,6.892,1.099,142.16,1.2668,43876.98,2241.29,2.19,80.73,13.65,4.66,5.53,5.4375,2.18,3.41,7.42,4.84,73.59,2.48,43869.15234375
20231222,-0.0329258,48.81952667236328,139.60000610351562,47.36563873291016,141.451171875,0.21,0.61,0.09,-0.64,0.19,0.021,4754.63,-1.54,3.9,6.869,1.1008,142.6,1.272,44015.6,2327.03,2.19,80.23,13.03,4.7,5.55,5.44493,2.16,3.39,7.4,4.82,73.29,2.54,43997.90234375
20231225,-0.0730827,,,,,,,,,,,,,,,,,,43603.68,2271.45,,,,,,5.44493,,,,,,,43613.140625
20231226,-0.0885729,49.26842498779297,143.41000366210938,49.83259963989258,143.39317321777344,0.48,0.81,0.46,-0.34,-0.15,0.021,4774.75,-1.56,3.89,6.891,1.1035,142.48,1.2709,42520.26,2230.14,2.18,,12.99,4.68,5.53,5.4509,2.17,3.37,7.39,4.83,75.84,2.5,42520.40234375
20231227,-0.105282,49.406394958496094,146.07000732421875,50.08916091918945,143.6494903564453,0.16,0.16,0.12,-0.31,-0.14,0.021,4781.58,-1.65,3.79,7.048,1.1114,142.05,1.2797,43444.45,2380.88,2.15,80.97,12.43,4.57,5.43,5.45669,2.12,3.34,7.27,4.79,74.31,2.63,43442.85546875
20231228,-0.123216,49.511375427246094,148.75999450683594,49.72405624389648,143.78749084472656,-0.01,-0.38,0.03,-0.32,0.15,0.021,4783.35,-1.61,3.84,6.866,1.1073,141.08,1.2743,42613.04,2347.4,2.16,79.04,12.47,4.61,5.46,5.455,2.11,3.32,7.3,4.82,72.02,2.55,42627.85546875
20231229,-0.142383,49.511375427246094,147.41000366210938,49.58590316772461,142.57496643066406,-0.43,-1.13,-0.37,0.68,-0.07,0.021,4769.83,-1.52,3.88,6.514,1.1062,140.92,1.2743,42056.3,2297.44,2.16,77.69,12.45,4.65,5.49,5.43577,2.12,3.34,7.32,4.79,71.89,2.58,42099.40234375
20240101,-0.206714,,,,,,,,,,,,,,,,,,,,,,,,,,,,,,,,44167.33203125
20240102,-0.227922,48.15766525268555,138.5800018310547,47.16828536987305,138.2374725341797,-0.7,-0.26,0.78,0.69,0.64,0.022,,,,,,,,,,,,,,,,,,,,,,44957.96875
20240103,-0.248075,47.55879592895508,135.32000732421875,46.42819213867188,135.64486694335938,-1.01,-1.93,-0.12,0.34,-0.18,0.022,,,,,,,,,,,,,,,,,,,,,,42848.17578125
20240104,-0.26718,47.98770523071289,136.00999450683594,46.25057601928711,134.23516845703125,-0.33,0.24,0.09,-0.42,0.24,0.022,,,,,,,,,,,,,,,,,,,,,,44179.921875
20240105,-0.285244,49.086463928222656,138.5800018310547,46.27030944824219,134.78721618652344,0.15,-0.59,0.64,0.1,-0.15,0.022,,,,,,,,,,,,,,,,,,,,,,44162.69140625
20240108,-0.333453,52.241790771484375,146.17999267578125,47.809696197509766,137.05453491210938,1.49,0.54,-1.29,-0.96,-0.47,0.022,,,,,,,,,,,,,,,,,,,,,,46970.50390625
20240109,-0.347805,53.12860107421875,149.25999450683594,47.41497802734375,137.90231323242188,-0.21,-0.75,-0.9,-0.3,-0.17,0.022,,,,,,,,,,,,,,,,,,,,,,46139.73046875
20240110,-0.361339,54.338340759277344,148.5399932861328,46.84264755249024,137.33055114746094,0.5,-0.29,-0.45,0.24,-0.19,0.022,,,,,,,,,,,,,,,,,,,,,,46627.77734375
20240111,-0.37406,54.81023788452149,148.02000427246094,47.01039505004883,137.05453491210938,-0.14,-0.66,-0.52,0.45,-0.13,0.022,,,,,,,,,,,,,,,,,,,,,,46368.5859375
20240112,-0.385974,54.69825744628906,146.55999755859375,46.49726486206055,138.20790100097656,-0.01,-0.22,-0.49,0.11,-0.27,0.022,,,,,,,,,,,,,,,,,,,,,,42853.16796875
20240115,-0.415538,,,,,,,,,,,,,,,,,,,,,,,,,,,,,,,,42511.96875
20240116,-0.421514,56.369903564453125,158.74000549316406,46.43806838989258,139.1148223876953,-0.47,-0.88,-0.6,0.13,-0.25,0.022,,,,,,,,,,,,,,,,,,,,,,43154.9453125
20240117,-0.425326,56.04097366333008,160.1699981689453,45.45127868652344,137.34042358398438,-0.59,-0.15,-0.25,0.25,-0.23,0.022,,,,,,,,,,,,,,,,,,,,,,42742.65234375
20240118,-0.426977,57.09474563598633,162.6699981689453,46.122291564941406,143.2255859375,0.86,-0.27,-0.34,0.7,-0.23,0.022,,,,,,,,,,,,,,,,,,,,,,41262.05859375
20240119,-0.426465,59.47823715209961,174.22999572753906,47.51365661621094,149.8008270263672,1.19,-0.38,0.66,-0.02,-0.24,0.022,,,,,,,,,,,,,,,,,,,,,,41618.40625
20240122,-0.412948,59.641204833984375,168.17999267578125,47.58273315429688,150.6978759765625,0.39,1.82,0.58,-0.43,0.1,0.022,,,,,,,,,,,,,,,,,,,,,,39507.3671875
20240123,-0.405768,59.86015701293945,168.4199981689453,48.24387741088867,151.31893920898438,0.22,-0.7,-0.55,-0.17,0.23,0.022,,,,,,,,,,,,,,,,,,,,,,39845.55078125
20240124,-0.397411,61.34883499145508,178.2899932861328,48.44123458862305,152.1765594482422,-0.02,-0.78,0.06,0.26,-0.39,0.022,,,,,,,,,,,,,,,,,,,,,,40077.07421875
20240125,-0.387875,61.60377883911133,180.3300018310547,48.89515686035156,152.275146484375,0.46,0.2,0.56,-0.19,0.55,0.022,,,,,,,,,,,,,,,,,,,,,,39933.80859375
20240126,-0.377156,61.01790618896485,177.25,43.07312774658203,148.57843017578125,-0.02,0.35,-0.27,0.22,-0.02,0.022,,,,,,,,,,,,,,,,,,,,,,41816.87109375
20240129,-0.338559,62.45159912109375,177.8300018310547,43.26061630249024,147.51376342773438,0.85,0.89,-0.59,-1.13,-0.31,0.022,,,,,,,,,,,,,,,,,,,,,,43288.24609375
20240130,-0.324465,62.760528564453125,172.05999755859375,42.35277557373047,143.90577697753906,-0.13,-0.96,0.84,1.0,0.13,0.022,,,,,,,,,,,,,,,,,,,,,,42952.609375
20240131,-0.309864,61.513797760009766,167.69000244140625,42.51066207885742,146.3998260498047,-1.74,-0.89,-0.3,-0.21,0.37,0.022,,,,,,,,,,,,,,,,,,,,,,42582.60546875
20240201,-0.294752,63.01347732543945,170.47999572753906,42.78696441650391,139.10499572753906,,,,,,,,,,,,,,,,,,,,,,,,,,,,43075.7734375
20240202,-0.280534,66.14580535888672,177.66000366210938,42.0369987487793,139.67674255371094,,,,,,,,,,,,,,,,,,,,,,,,,,,,43185.859375
20240205,-0.242757,69.31713104248047,174.22999572753906,42.20475769042969,141.98348999023438,,,,,,,,,,,,,,,,,,,,,,,,,,,,42658.66796875
20240206,-0.231183,68.20836639404297,167.8800048828125,42.29877853393555,142.052490234375,,,,,,,,,,,,,,,,,,,,,,,,,,,,43084.671875
20240207,-0.220036,70.08395385742188,170.94000244140625,42.33836364746094,143.8170623779297,,,,,,,,,,,,,,,,,,,,,,,,,,,,44318.22265625
20240208,-0.209313,69.62605285644531,169.35000610351562,42.061256408691406,146.0745086669922,,,,,,,,,,,,,,,,,,,,,,,,,,,,45301.56640625
20240209,-0.199009,72.11752319335938,172.47999572753906,42.862892150878906,148.8544464111328,,,,,,,,,,,,,,,,,,,,,,,,,,,,47147.19921875
20240212,-0.170972,72.23249816894531,171.91000366210938,43.57545852661133,150.92462158203125,,,,,,,,,,,,,,,,,,,,,,,,,,,,49958.22265625
20240213,-0.163102,72.11251831054688,171.5399932861328,42.71443939208984,147.9080810546875,,,,,,,,,,,,,,,,,,,,,,,,,,,,49742.44140625
20240214,-0.156032,73.88414764404297,178.6999969482422,43.73380661010742,151.752685546875,,,,,,,,,,,,,,,,,,,,,,,,,,,,51826.6953125
20240215,-0.149758,72.64241027832031,176.75999450683594,43.595252990722656,153.76368713378906,,,,,,,,,,,,,,,,,,,,,,,,,,,,51938.5546875
20240216,-0.144277,72.59741973876953,173.8699951171875,43.060829162597656,150.52044677734375,,,,,,,,,,,,,,,,,,,,,,,,,,,,52160.203125
20240219,-0.131517,,,,,,,,,,,,,,,,,,,,,,,,,,,,,,,,51779.14453125
20240220,-0.127066,69.43709564208984,165.69000244140625,44.06040191650391,149.8008270263672,,,,,,,,,,,,,,,,,,,,,,,,,,,,52284.875
20240221,-0.122336,67.45752716064453,164.2899932861328,43.021244049072266,149.85009765625,,,,,,,,,,,,,,,,,,,,,,,,,,,,51839.1796875
20240222,-0.117325,78.52114868164062,181.8600006103516,42.53630065917969,152.55117797851562,,,,,,,,,,,,,,,,,,,,,,,,,,,,51304.97265625
20240223,-0.112032,78.80008697509766,176.52000427246094,42.54619598388672,152.7089080810547,,,,,,,,,,,,,,,,,,,,,,,,,,,,50731.94921875
20240226,-0.0951311,79.07503509521484,176.00999450683594,42.54619598388672,154.7987823486328,,,,,,,,,,,,,,,,,,,,,,,,,,,,54522.40234375
20240227,-0.0900781,78.68411254882812,178.0,42.28887939453125,156.0507354736328,,,,,,,,,,,,,,,,,,,,,,,,,,,,57085.37109375
20240228,-0.085428,77.6463394165039,176.5399932861328,41.5565185546875,154.41592407226562,,,,,,,,,,,,,,,,,,,,,,,,,,,,62504.7890625
20240229,-0.0811792,79.09502410888672,192.52999877929688,42.60557556152344,156.3380584716797,,,,,,,,,,,,,,,,,,,,,,,,,,,,61198.3828125
20240301,-0.0773298,82.26134490966797,202.63999938964844,43.36763000488281,161.58929443359375,,,,,,,,,,,,,,,,,,,,,,,,,,,,62440.6328125
20240304,-0.067464,85.21871185302734,205.3600006103516,45.13915252685547,165.02735900878906,,,,,,,,,,,,,,,,,,,,,,,,,,,,68330.4140625
20240305,-0.0644347,85.9495849609375,205.1300048828125,42.71443939208984,159.96437072753906,,,,,,,,,,,,,,,,,,,,,,,,,,,,63801.19921875
20240306,-0.0614961,88.68512725830078,210.6300048828125,44.05050277709961,166.34512329101562,,,,,,,,,,,,,,,,,,,,,,,,,,,,66106.8046875
20240307,-0.0586469,92.65345764160156,211.3800048828125,45.67357635498047,174.1030731201172,,,,,,,,,,,,,,,,,,,,,,,,,,,,66925.484375
20240308,-0.0558861,87.5133285522461,207.38999938964844,43.54576873779297,169.00047302246094,,,,,,,,,,,,,,,,,,,,,,,,,,,,68300.09375
20240311,-0.0482981,85.7596206665039,198.38999938964844,44.39689254760742,169.54541015625,,,,,,,,,,,,,,,,,,,,,,,,,,,,72123.90625
20240312,-0.0462298,91.89759063720705,202.75999450683597,44.7729721069336,171.48736572265625,,,,,,,,,,,,,,,,,,,,,,,,,,,,71481.2890625
20240313,-0.0444197,90.87276458740234,194.7899932861328,42.78371810913086,167.69261169433594,,,,,,,,,,,,,,,,,,,,,,,,,,,,73083.5
20240314,-0.0428671,87.92925262451172,187.05999755859372,42.30867385864258,166.8999786376953,,,,,,,,,,,,,,,,,,,,,,,,,,,,71396.59375
20240315,-0.0415714,87.822265625,191.05999755859372,42.199806213378906,165.66146850585938,,,,,,,,,,,,,,,,,,,,,,,,,,,,69403.7734375
20240318,,88.44017028808594,190.6499938964844,42.26908874511719,165.38404846191406,,,,,,,,,,,,,,,,,,,,,,,,,,,,67548.59375
20240319,,89.38301849365234,181.4199981689453,41.61589813232422,162.58999633789062,,,,,,,,,,,,,,,,,,,,,,,,,,,,61912.7734375
20240320,,90.35684967041016,179.72999572753906,41.76435089111328,166.1271514892578,,,,,,,,,,,,,,,,,,,,,,,,,,,,67913.671875
20240321,,91.41967010498048,178.67999267578125,41.982078552246094,169.27789306640625,,,,,,,,,,,,,,,,,,,,,,,,,,,,65491.390625
20240322,,94.273193359375,179.64999389648438,42.13053131103516,168.53480529785156,,,,,,,,,,,,,,,,,,,,,,,,,,,,63778.76171875
20240325,,94.98606872558594,178.6300048828125,41.39817428588867,165.97854614257812,,,,,,,,,,,,,,,,,,,,,,,,,,,,69958.8125
20240326,,92.54547882080078,177.8699951171875,41.5565185546875,165.53268432617188,,,,,,,,,,,,,,,,,,,,,,,,,,,,69987.8359375
20240327,,90.23486328125,179.58999633789062,43.318145751953125,167.57371520996094,,,,,,,,,,,,,,,,,,,,,,,,,,,,69455.34375
20240328,,90.34085083007812,180.4900054931641,43.714012145996094,167.74215698242188,,,,,,,,,,,,,,,,,,,,,,,,,,,,70744.953125
20240329,,,,,,,,,,,,,,,,,,,,,,,,,,,,,,,,,69892.828125
20240401,,90.34784698486328,183.33999633789065,44.06040191650391,170.13987731933594,,,,,,,,,,,,,,,,,,,,,,,,,,,,69702.1484375
20240402,,89.43700408935547,178.6999969482422,43.48638534545898,169.46612548828125,,,,,,,,,,,,,,,,,,,,,,,,,,,,65446.97265625
20240403,,88.94908142089844,180.7700042724609,39.91366195678711,172.30972290039062,,,,,,,,,,,,,,,,,,,,,,,,,,,,65980.8125
20240404,,85.89059448242188,165.8300018310547,39.31985092163086,168.1979217529297,,,,,,,,,,,,,,,,,,,,,,,,,,,,68508.84375
20240405,,87.99324798583984,170.4199981689453,38.31038284301758,169.95162963867188,,,,,,,,,,,,,,,,,,,,,,,,,,,,67837.640625
20240408,,87.11839294433594,169.89999389648438,37.58791732788086,172.02239990234375,,,,,,,,,,,,,,,,,,,,,,,,,,,,71631.359375
20240409,,85.33968353271484,170.77999877929688,37.934303283691406,173.95445251464844,,,,,,,,,,,,,,,,,,,,,,,,,,,,69139.015625
20240410,,87.02440643310547,167.13999938964844,36.81597137451172,169.2877960205078,,,,,,,,,,,,,,,,,,,,,,,,,,,,70587.8828125
20240411,,90.60079956054688,170.5,37.24153137207031,173.5185089111328,,,,,,,,,,,,,,,,,,,,,,,,,,,,70060.609375
20240412,,88.17121124267578,163.27999877929688,35.321556091308594,169.71383666992188,,,,,,,,,,,,,,,,,,,,,,,,,,,,67195.8671875
20240415,,85.98657989501953,160.32000732421875,35.935157775878906,168.2771759033203,,,,,,,,,,,,,,,,,,,,,,,,,,,,63426.2109375
20240416,,87.40034484863281,163.4600067138672,35.88566970825195,167.02877807617188,,,,,,,,,,,,,,,,,,,,,,,,,,,,63811.86328125
20240417,,84.02091217041016,154.02000427246094,35.31166076660156,162.8079833984375,,,,,,,,,,,,,,,,,,,,,,,,,,,,61276.69140625
20240418,,84.65679931640625,155.0800018310547,34.67826843261719,159.95448303222656,,,,,,,,,,,,,,,,,,,,,,,,,,,,63512.75390625
20240419,,76.18722534179688,146.63999938964844,33.84693908691406,156.17953491210938,,,,,,,,,,,,,,,,,,,,,,,,,,,,63843.5703125
20240422,,79.50466918945312,148.63999938964844,34.054771423339844,158.70606994628906,,,,,,,,,,,,,,,,,,,,,,,,,,,,66837.6796875
20240423,,82.4091796875,152.27000427246094,33.92611312866211,159.8653106689453,,,,,,,,,,,,,,,,,,,,,,,,,,,,66407.2734375
20240424,,79.66364288330078,151.74000549316406,34.14384078979492,162.12432861328125,,,,,,,,,,,,,,,,,,,,,,,,,,,,64276.8984375
20240425,,82.61814880371094,153.75999450683594,34.74754333496094,161.79736328125,,,,,,,,,,,,,,,,,,,,,,,,,,,,64481.70703125
20240426,,87.72028350830078,157.39999389648438,31.55088996887207,164.13565063476562,,,,,,,,,,,,,,,,,,,,,,,,,,,,63755.3203125
20240429,,87.7422866821289,160.1999969482422,31.03625869750977,167.64306640625,,,,,,,,,,,,,,,,,,,,,,,,,,,,63841.12109375
20240430,,86.38751220703125,158.3800048828125,30.155445098876957,164.3238983154297,,,,,,,,,,,,,,,,,,,,,,,,,,,,60636.85546875
20240501,,83.0270767211914,144.27000427246094,30.05647850036621,162.59991455078125,,,,,,,,,,,,,,,,,,,,,,,,,,,,58254.01171875
20240502,,85.8026123046875,146.16000366210938,30.195032119750977,178.44277954101562,,,,,,,,,,,,,,,,,,,,,,,,,,,,59123.43359375
20240503,,88.77411651611328,150.60000610351562,30.581005096435547,177.9870147705078,,,,,,,,,,,,,,,,,,,,,,,,,,,,62889.8359375
20240506,,92.12454986572266,155.77999877929688,30.774776458740234,180.1766815185547,,,,,,,,,,,,,,,,,,,,,,,,,,,,63161.94921875
20240507,,90.538818359375,154.42999267578125,30.48660469055176,178.49229431152344,,,,,,,,,,,,,,,,,,,,,,,,,,,,62334.81640625
20240508,,90.39684295654295,153.6199951171875,29.81089210510254,178.8886260986328,,,,,,,,,,,,,,,,,,,,,,,,,,,,61187.94140625
20240509,,88.73212432861328,152.38999938964844,29.90032386779785,178.87872314453125,,,,,,,,,,,,,,,,,,,,,,,,,,,,63049.9609375
20240510,,89.86292266845703,151.9199981689453,29.66183853149414,180.4045562744141,,,,,,,,,,,,,,,,,,,,,,,,,,,,60792.77734375
20240513,,90.38385009765624,150.55999755859375,30.317676544189453,182.51495361328125,,,,,,,,,,,,,,,,,,,,,,,,,,,,62901.44921875
20240514,,91.34068298339844,153.16000366210938,30.854272842407227,187.2311553955078,,,,,,,,,,,,,,,,,,,,,,,,,,,,61552.7890625
20240515,,94.61412811279295,159.6699981689453,31.072887420654297,192.8192596435547,,,,,,,,,,,,,,,,,,,,,,,,,,,,66267.4921875
20240516,,94.34317779541016,162.6199951171875,31.828094482421875,191.49159240722656,,,,,,,,,,,,,,,,,,,,,,,,,,,,65231.58203125
20240517,,92.46348571777344,164.47000122070312,31.629356384277344,192.0761566162109,,,,,,,,,,,,,,,,,,,,,,,,,,,,67051.875
20240520,,94.7641143798828,166.3300018310547,31.897653579711918,195.9402618408203,,,,,,,,,,,,,,,,,,,,,,,,,,,,71448.1953125
20240521,,95.37001037597656,164.66000366210938,31.5399227142334,199.00184631347656,,,,,,,,,,,,,,,,,,,,,,,,,,,,70136.53125
20240522,,94.93408203125,165.52000427246094,31.22194099426269,201.06268310546875,,,,,,,,,,,,,,,,,,,,,,,,,,,,69122.3359375
20240523,,103.78160095214844,160.42999267578125,29.8903865814209,199.9034576416016,,,,,,,,,,,,,,,,,,,,,,,,,,,,67929.5625
20240524,,106.4511489868164,166.36000061035156,30.526351928710938,208.42433166503903,,,,,,,,,,,,,,,,,,,,,,,,,,,,68526.1015625
20240527,,,,,,,,,,,,,,,,,,,,,,,,,,,,,,,,,69394.5546875
20240528,,113.88190460205078,171.61000061035156,30.86421012878418,211.11929321289065,,,,,,,,,,,,,,,,,,,,,,,,,,,,68296.21875
20240529,,114.80574798583984,165.13999938964844,29.94007110595703,206.3436584472656,,,,,,,,,,,,,,,,,,,,,,,,,,,,67578.09375
20240530,,110.4814682006836,166.75,29.99969482421875,203.7470703125,,,,,,,,,,,,,,,,,,,,,,,,,,,,68364.9921875
20240531,,109.6146240234375,166.89999389648438,30.65553474426269,203.0009307861328,,,,,,,,,,,,,,,,,,,,,,,,,,,,67491.4140625
20240603,,114.98072052001952,163.5500030517578,30.099063873291016,204.8513641357422,,,,,,,,,,,,,,,,,,,,,,,,,,,,68804.78125
20240604,,116.41747283935548,159.99000549316406,29.8407039642334,203.31927490234372,,,,,,,,,,,,,,,,,,,,,,,,,,,,70567.765625
20240605,,122.41947174072266,166.1699981689453,30.585975646972656,210.81056213378903,,,,,,,,,,,,,,,,,,,,,,,,,,,,71082.8203125
20240606,,120.97771453857422,166.77999877929688,30.22824478149414,208.36322021484372,,,,,,,,,,,,,,,,,,,,,,,,,,,,70757.1640625
20240607,,120.86773681640624,167.8699951171875,30.546226501464844,205.5577087402344,,,,,,,,,,,,,,,,,,,,,,,,,,,,69342.5859375
20240610,,121.76958465576172,160.33999633789062,30.71515464782715,208.273681640625,,,,,,,,,,,,,,,,,,,,,,,,,,,,69512.28125
20240611,,120.899658203125,158.9600067138672,30.7250919342041,207.4479522705078,,,,,,,,,,,,,,,,,,,,,,,,,,,,67332.03125
20240612,,125.18928527832033,160.24000549316406,30.56610107421875,214.2826232910156,,,,,,,,,,,,,,,,,,,,,,,,,,,,68241.1875
20240613,,129.59890747070312,159.89999389648438,30.26799201965332,216.690185546875,,,,,,,,,,,,,,,,,,,,,,,,,,,,66756.3984375
20240614,,131.8687286376953,159.6300048828125,30.258056640625,214.22293090820312,,,,,,,,,,,,,,,,,,,,,,,,,,,,66011.09375
20240617,,130.9687957763672,158.39999389648438,30.784713745117188,221.0775146484375,,,,,,,,,,,,,,,,,,,,,,,,,,,,66490.296875
20240618,,135.5684051513672,154.6300048828125,30.436920166015625,225.92247009277344,,,,,,,,,,,,,,,,,,,,,,,,,,,,65140.74609375
20240619,,,,,,,,,,,,,,,,,,,,,,,,,,,,,,,,,64960.296875
20240620,,130.76881408691406,161.77999877929688,30.426984786987305,214.3622131347656,,,,,,,,,,,,,,,,,,,,,,,,,,,,64828.65625
20240621,,126.55917358398438,161.22999572753906,30.894020080566406,211.4373321533203,,,,,,,,,,,,,,,,,,,,,,,,,,,,64096.19921875
20240624,,118.0998992919922,160.25,30.37729835510254,199.8074188232422,,,,,,,,,,,,,,,,,,,,,,,,,,,,60277.4140625
20240625,,126.07920837402344,160.25,30.546226501464844,201.13058471679688,,,,,,,,,,,,,,,,,,,,,,,,,,,,61804.640625
20240626,,126.38919067382812,157.5399932861328,30.347488403320312,196.3154754638672,,,,,,,,,,,,,,,,,,,,,,,,,,,,60811.27734375
20240627,,123.9793930053711,159.47000122070312,30.397172927856445,194.1466827392578,,,,,,,,,,,,,,,,,,,,,,,,,,,,61604.80078125
20240628,,123.52943420410156,162.2100067138672,30.774776458740234,198.1559600830078,,,,,,,,,,,,,,,,,,,,,,,,,,,,60320.13671875
20240701,,124.28936767578124,157.69000244140625,30.645597457885746,199.0015869140625,,,,,,,,,,,,,,,,,,,,,,,,,,,,62851.98046875
20240702,,122.65950775146484,164.30999755859375,30.874147415161133,199.1309356689453,,,,,,,,,,,,,,,,,,,,,,,,,,,,62029.015625
20240703,,128.26902770996094,163.89999389648438,31.033138275146484,202.7621612548828,,,,,,,,,,,,,,,,,,,,,,,,,,,,60173.921875
20240704,,,,,,,,,,,,,,,,,,,,,,,,,,,,,,,,,56977.703125
20240705,,125.8192367553711,171.89999389648438,31.818159103393555,204.6921844482422,,,,,,,,,,,,,,,,,,,,,,,,,,,,56662.375
20240708,,128.18902587890625,178.69000244140625,33.77574157714844,206.82118225097656,,,,,,,,,,,,,,,,,,,,,,,,,,,,56705.09765625
20240709,,131.3687744140625,177.10000610351562,34.3719596862793,206.05514526367188,,,,,,,,,,,,,,,,,,,,,,,,,,,,58009.2265625
20240710,,134.89846801757812,183.9600067138672,34.65019226074219,207.72650146484372,,,,,,,,,,,,,,,,,,,,,,,,,,,,57742.49609375
20240711,,127.38910675048828,181.94000244140625,33.2888298034668,198.8225250244141,,,,,,,,,,,,,,,,,,,,,,,,,,,,57344.9140625
20240712,,129.2289581298828,181.6100006103516,34.27259063720703,201.3892517089844,,,,,,,,,,,,,,,,,,,,,,,,,,,,57899.46484375
20240715,,128.42901611328125,179.8300018310547,34.242774963378906,207.10968017578125,,,,,,,,,,,,,,,,,,,,,,,,,,,,64870.15234375
20240716,,126.34918975830078,177.5500030517578,34.12353515625,208.5621795654297,,,,,,,,,,,,,,,,,,,,,,,,,,,,65097.1484375
20240717,,117.97990417480467,159.42999267578125,34.242774963378906,190.6149444580078,,,,,,,,,,,,,,,,,,,,,,,,,,,,64118.79296875
20240718,,121.0796356201172,155.77000427246094,34.65019226074219,190.4756622314453,,,,,,,,,,,,,,,,,,,,,,,,,,,,63974.06640625
20240719,,117.91991424560548,151.5800018310547,32.7721061706543,185.25265502929688,,,,,,,,,,,,,,,,,,,,,,,,,,,,66710.15625
20240722,,123.52943420410156,155.8699951171875,33.15964889526367,193.9676055908203,,,,,,,,,,,,,,,,,,,,,,,,,,,,67585.25
20240723,,122.57951354980467,154.0,32.7422981262207,192.3559417724609,,,,,,,,,,,,,,,,,,,,,,,,,,,,65927.671875
20240724,,114.24022674560548,144.6300048828125,31.50017547607422,180.1390838623047,,,,,,,,,,,,,,,,,,,,,,,,,,,,65372.1328125
20240725,,112.27039337158205,138.32000732421875,30.90395736694336,174.48828125,,,,,,,,,,,,,,,,,,,,,,,,,,,,65777.2265625
20240726,,113.05032348632812,139.99000549316406,31.152381896972656,179.1243133544922,,,,,,,,,,,,,,,,,,,,,,,,,,,,67912.0625
20240729,,111.58045196533205,139.75,30.63566017150879,177.7215576171875,,,,,,,,,,,,,,,,,,,,,,,,,,,,66819.9140625
20240730,,103.72113037109376,138.44000244140625,29.94007110595703,166.08172607421875,,,,,,,,,,,,,,,,,,,,,,,,,,,,66201.015625
20240731,,117.0099868774414,144.47999572753906,30.546226501464844,180.01968383789062,,,,,,,,,,,,,,,,,,,,,,,,,,,,64619.25
20240801,,109.2006607055664,132.5399932861328,28.866878509521484,163.15682983398438,,,,,,,,,,,,,,,,,,,,,,,,,,,,65357.5
20240802,,107.26081848144533,132.5,21.3445987701416,158.49093627929688,,,,,,,,,,,,,,,,,,,,,,,,,,,,61415.06640625
20240805,,100.44140625,134.82000732421875,19.983234405517575,157.137939453125,,,,,,,,,,,,,,,,,,,,,,,,,,,,53991.45703125
20240806,,104.24108123779295,130.17999267578125,19.70499992370605,157.9039764404297,,,,,,,,,,,,,,,,,,,,,,,,,,,,56034.31640625
20240807,,98.90154266357422,128.6699981689453,18.989999771118164,155.3173370361328,,,,,,,,,,,,,,,,,,,,,,,,,,,,55027.4609375
20240808,,104.96102142333984,136.32000732421875,20.489999771118164,164.10194396972656,,,,,,,,,,,,,,,,,,,,,,,,,,,,61710.13671875
20240809,,104.74104309082033,134.27000427246094,19.709999084472656,163.63436889648438,,,,,,,,,,,,,,,,,,,,,,,,,,,,60880.11328125
20240812,,109.01067352294922,136.77000427246094,19.36000061035156,162.0525360107422,,,,,,,,,,,,,,,,,,,,,,,,,,,,59354.515625
20240813,,116.13006591796876,141.1300048828125,20.46999931335449,168.5987091064453,,,,,,,,,,,,,,,,,,,,,,,,,,,,60609.56640625
20240814,,118.06990051269533,140.75,19.920000076293945,166.29063415527344,,,,,,,,,,,,,,,,,,,,,,,,,,,,58737.26953125
20240815,,122.84949493408205,147.36000061035156,20.690000534057617,172.4488067626953,,,,,,,,,,,,,,,,,,,,,,,,,,,,57560.09765625
20240816,,124.56934356689452,148.55999755859375,20.8700008392334,171.29476928710938,,,,,,,,,,,,,,,,,,,,,,,,,,,,58894.10546875
20240819,,129.98887634277344,155.27999877929688,21.520000457763672,173.36407470703125,,,,,,,,,,,,,,,,,,,,,,,,,,,,59493.453125
20240820,,127.2391128540039,156.39999389648438,20.989999771118164,171.2251434326172,,,,,,,,,,,,,,,,,,,,,,,,,,,,59012.79296875
20240821,,128.489013671875,157.80999755859375,21.40999984741211,173.3242950439453,,,,,,,,,,,,,,,,,,,,,,,,,,,,61175.19140625
20240822,,123.72941589355467,151.6999969482422,20.100000381469727,168.13113403320312,,,,,,,,,,,,,,,,,,,,,,,,,,,,60381.9140625
20240823,,129.3589324951172,154.97999572753906,20.540000915527344,172.6079864501953,,,,,,,,,,,,,,,,,,,,,,,,,,,,64094.35546875
20240826,,126.44918060302734,149.99000549316406,20.1299991607666,168.6186065673828,,,,,,,,,,,,,,,,,,,,,,,,,,,,62880.66015625
20240827,,128.28903198242188,150.5,20.06999969482422,173.0357666015625,,,,,,,,,,,,,,,,,,,,,,,,,,,,59504.1328125
20240828,,125.59925842285156,146.36000061035156,19.61000061035156,170.9664764404297,,,,,,,,,,,,,,,,,,,,,,,,,,,,59027.625
20240829,,117.57994079589844,145.49000549316406,20.1299991607666,168.6186065673828,,,,,,,,,,,,,,,,,,,,,,,,,,,,59388.1796875
20240830,,119.35979461669922,148.55999755859375,22.040000915527344,174.39874267578125,,,,,,,,,,,,,,,,,,,,,,,,,,,,59119.4765625
