,NVDA_Log_Return,AAPL_Log_Return,AMD_Log_Return,AVGO_Log_Return,INTC_Log_Return,QCOM_Log_Return,SP500_Log_Return,NASDAQCOM_Log_Return,DJIA_Log_Return,SMA,EMA,MACD,MACD_Signal,RSI,OBV
25,-0.4577654016764064,0.5425474785509146,-0.12416076543265978,0.36993226393833784,-0.05000040459439606,0.2841311491384867,0.6848166500693899,0.27338637619567524,0.7700592521867622,-0.7695902414277253,-0.43618314706589717,0.24797139883257321,0.3371767573436174,0.15834828102722434,-0.457548888128877
26,0.25236528922656637,-0.2936392920067945,0.5944904099232711,0.013985481741539366,0.3771343705950983,0.12339504838994723,0.545825095954037,0.4452882815090157,0.4885455072538209,-0.8082634092768818,-0.31733751856519066,0.2813911377073366,0.3607329738991375,0.7894429115996051,0.41131363213780187
27,0.5788866276394513,0.504006662314862,-0.2557715359903002,0.5996461296839137,0.4411102009673616,-0.5349353997046441,0.42966054851415847,0.5643148415751038,0.18092740213629255,-0.9329812519582863,-0.08327313780197731,0.38075936851675135,0.4133251697086309,0.9797162631632494,0.3584240242247281
28,-0.020691148685086157,0.3033927179376074,0.10886056840571996,1.2058511007339512,0.02775836470451547,0.05861318275935094,-0.9161226221918787,-0.6592579617102814,-0.8797855656547612,-0.978613895011213,-0.08807710690890085,0.3066801611321966,0.4280328396419041,-0.31504242671215793,0.31176062752025324
29,-1.1393855785348843,-0.7899651936415686,-1.2009081868950706,-1.0321030896355603,-0.6780092523449242,-1.1753522774561618,-0.7586471800367318,-1.216849681282123,0.06458051675552438,-1.1886657942722045,-0.5056069128419426,-0.00999549269886464,0.3299413679288797,-1.274171059924997,-0.35129896310819897
33,-0.18709900876316574,-0.20882064337121883,0.035917952670060385,-0.9131691802372455,0.08735482416537237,0.04321383370495033,-1.203534494880051,-0.9693200758266133,-1.2279617642305187,-1.2285010847719038,-1.3376779732097677,-0.4500329004607605,-0.19745481206395726,0.8349617987656328,-0.41302073152895824
34,-0.6605895525521231,-1.1072501446305338,-0.2334939223988161,-0.7121329699653512,-0.5960660511437028,-1.1173235273978945,-1.7324418129829906,-1.4989978839622102,-1.398703526071133,-1.236327820554524,-1.4813271094717886,-0.4887269306263938,-0.31029291353416516,0.37665625278563497,-0.46937082359628757
35,1.0852213179023766,-0.005881783121090401,-0.6382519350984551,0.27759577095604615,-0.9014196062473423,-0.06172028066959072,-0.3320041118033986,0.15682486173998592,-0.9733759462647541,-0.9696083778154024,-1.0223549239975391,-0.09251671715135314,-0.2813234526408923,0.6574086680834902,0.43417584729916286
36,0.39114282671565087,0.12525287929204224,0.512960948381419,0.7128736028535669,0.7303332034961567,0.2162550562306321,0.806699890409151,0.7633309720002521,0.8182488944713884,-0.8351002429121348,-0.8229284342674005,0.06317666239475686,-0.209555964491391,0.0483778977942196,0.37337909815325276
41,-0.4117301825421615,0.1447569454495541,0.760422082228408,-0.09088445424200221,0.755575820503012,0.3896553158040255,0.7065100002780568,0.35439285219075956,0.4522125771662233,-1.0476184462128193,-1.375115327796437,-0.14602987365733772,-0.34387685492861986,-1.3752163404583224,-0.39657766672370187
44,0.9647981453208829,-0.42409964996047456,1.308755585680979,0.3882422728402056,0.4202829423874456,0.7160349057642431,1.075910450097754,1.1708289887758527,0.8694098755511378,-0.20679639569629835,-0.2058863432953768,0.6157253111260443,0.17772913669426343,0.5282606153043024,0.29089725621647905
45,0.40891995001612785,0.9746517432815333,-0.18938799798524295,-0.17453340820271934,0.00838815519545295,0.07461434663265698,0.1066144563687858,0.18836379757718347,0.04216961871408136,-0.1897309607101309,-0.041561100454983756,0.6030268559851162,0.3467979134223303,-0.1920532904693236,0.26231757950009493
46,0.02661611038200172,0.9638496800761961,0.46717768914091673,0.6170363344928297,0.7226470499562232,0.2106174875286896,0.244982934980422,0.7289562005882327,0.1392410307089644,-0.12100211171754453,-0.031382717541325544,0.4903281695246627,0.44185623860798195,0.4221988849622121,0.23583178378730557
47,0.3113497325189779,0.3615816020780762,0.0018383443149774341,0.4531805921840514,-0.624463087229974,-0.31106968261070295,0.011324230177573006,-0.015141749673130894,-0.2860495714002217,-0.11429506814937151,0.08601192900139155,0.4690947646080185,0.5082754851408078,0.05639560471753767,0.21595751049900128
48,0.14112677119406175,-0.24180456381913112,-0.06911333595420315,-0.08596111955813222,-0.03672625228215501,-0.059249903579802185,-1.1522217605897418,-0.9531385937049598,-1.0782714895289278,-0.14913506220283668,0.13119517985502868,0.4068741557774583,0.5370248019353742,-0.37332114763265434,0.19795794914008455
50,0.07220391051984179,-0.6674419276039552,-0.5528871149849872,-0.5114115730654352,-0.4443168151035609,-0.19936288715200937,-0.22346240077297627,-0.28712896987333403,0.12930627661479904,-0.15564961875606703,0.4278001557167587,0.40844452513010454,0.6021428543320836,1.0511140436069935,0.17254989720625394
52,-0.6122057469698731,0.16048616153340062,-0.5700685724403912,-0.0026968739914006007,0.9892358091167109,0.4534918052698791,0.08676294899073242,-0.024480679663126274,0.5909625482685033,-0.025108535697007793,0.3278031152872473,0.19963580098481595,0.545133055832687,0.8917788281347985,-0.21073894540007798
54,-0.23272787578721665,-0.06265729948906189,0.18098994023855441,0.6045026096109865,0.38786899398366576,0.18462025610738592,0.046639640563501915,-0.009361572433554425,-0.10163317306237304,-0.20312508421310035,0.2849760808971569,0.1052817124643628,0.41770747784194023,-0.0586293253356643,-0.21219333697190865
55,0.5953151129706714,0.6007881380054692,0.21270558176309842,0.5840937342382776,0.711155731688732,-0.06030618314452186,0.8224723541572361,0.9373189034154887,0.7598820254890779,0.006682062028807256,0.4940241467325589,0.19957637744386886,0.39152398931403226,0.7946699274507231,0.16539379842835042
56,-0.41070882974349715,-0.35629359407563177,-0.7005404018960096,-0.6442527133973974,-0.7087828608274638,-0.9143120800261523,-0.37486909646491173,-0.6282413642535123,-0.3765368549342821,-0.1259431208538833,0.29659952582029553,0.05963933560578997,0.32486867865356706,-0.7565574466309241,-0.214434740433399
57,-0.9089640907195693,0.19401425835150723,0.8909955005876641,-0.4479061060887427,0.08258086577352487,0.08964832408192479,0.4001978393103363,0.33715664384074223,0.6757946235459877,-0.4208009995456313,-0.07302329185205726,-0.15095695341929358,0.20544201214907967,-1.1250922374685404,-0.2233990901300723
58,-0.7364461180521283,-0.5543848464588202,-0.09439149412436035,0.16672969556632355,0.2660819420305599,0.011146054827653079,-0.0406812051305817,-0.1819810946618692,0.38627260073439923,-0.562607983804227,-0.3446484559958694,-0.2803504806946135,0.07301237511153398,0.6911680374074431,-0.2346913708818808
59,0.19423652921016135,-0.12249391851406284,0.053617174184617394,-1.2044159635144993,0.14566142737896384,0.07858181319588066,-0.366341808186869,-0.14884004788487035,-0.34904125100158756,-0.30726953947528135,-0.25261537016981284,-0.18942226530670667,-0.0015816928333517238,1.269988624259827,0.1857911438715871
60,-0.39469623003923354,0.17275026193693202,-0.2151463147472779,-0.24935328411432586,0.1664157131707991,-0.620924127745461,0.00816238364585072,0.17523666859685835,0.2435994905733598,-0.4458674981703662,-0.38397736986061887,-0.23827914202087963,-0.07512715804555288,-0.37870454025578254,-0.2347388453417845
61,0.09674080188022363,-0.4404123694891132,0.46282010629646414,-0.3146128750992547,0.5539760515110527,0.6500268613525712,-0.23757016465548322,-0.23479222093267893,-0.05264756170637022,-0.1231962856264268,-0.32559169781511904,-0.17044502040577425,-0.11294786222068466,-0.10041522190890599,0.18521835443931284
63,-0.11864474867745742,0.425555688095631,0.024098060730864634,0.07559854619080814,-0.610305006100112,0.1338543144046367,0.6302838073199487,0.4190070449529892,1.1109357436771918,-0.06688533026375307,-0.6840384876382013,-0.3110324676830192,-0.2544709505141565,-0.6233452750254925,-0.24648289601489123
65,0.6189242916577524,1.425299278942148,-0.09337935882422409,-0.5372001005243343,-0.2543885759239281,0.19208451161195073,-0.18940584360992668,0.19989043840493398,-0.43964259356618085,-0.20826259364611455,-0.7112857404081167,-0.21768613680929969,-0.34323214452442924,-0.2873937815347005,0.21369201420756745
66,-0.8514993773476689,-0.4602321508162985,-0.4847813770589541,-0.48582927576481194,-0.422112518817152,-0.3361030040620707,-0.6160679068780781,-0.621609573908972,-0.39993365273688425,-0.43442458079452156,-0.9694137025438663,-0.3560098533311,-0.384237884727609,-1.467843541711723,-0.2588557026880389
68,0.5014250795711036,0.46935502880326047,0.10394018455631711,0.7854757803318824,0.46238511667775767,-0.06390787978659114,0.4045616053244236,0.3209843751190235,0.42986554172400826,0.24633193744370502,-0.4601193847638807,0.05375805138902888,-0.26788363718749997,0.20845634637950583,0.19816163751253568
70,0.5814003853827556,0.5051487336018871,0.7501395912549959,1.433202480174152,-0.28791769588169946,0.11045891721646751,0.46855889121836314,0.550865072307761,0.599527428298871,0.15128489290298933,-0.43691254947940567,0.07747247023190945,-0.1805830737570441,-0.28279823074021543,0.19850246551644266
72,0.057996803670958615,-0.001360335390994841,-0.08573196724953602,0.47497728421055135,0.48185059192506535,0.7605506106716038,0.2204212594804249,0.08521500755321428,0.5266598040796461,0.08437570695866188,-0.3058573257517786,0.12935083659342844,-0.04801407556806455,-0.6715521906604299,0.1693563888429176
73,0.2388794740260377,-0.24901846535171623,0.23897707483915717,0.6801196920171734,0.7251777947230187,0.42228581845803936,-0.12653721667821705,0.23774674053913392,0.11849593521540609,0.0013061271867883665,-0.1995336391600491,0.17601950091604707,0.01602074221722096,1.0889567429067,0.15827655592503495
74,0.6496051572986993,-0.6616821297008758,-0.09990745934240097,0.4698477850044389,-0.25527582823779355,-0.5237568339613529,0.45954506989404786,0.4754501880825001,-0.10593057227327726,-0.039961549735165205,0.05549313859160972,0.30844091824651976,0.1102715393384638,0.4569619398493336,0.15067660686135056
75,-0.4178175096776663,0.3245206104226455,0.2611376286749809,-0.16722756400735295,0.7112185575233785,0.40663718635705715,0.6293543087694233,0.5132038489987417,0.8968450347240313,-0.1931409918127934,-0.10857000843801326,0.1497930503244516,0.1347578081858184,-0.22177759330486677,-0.19982254148916118
77,0.4620229964642696,-0.10987071015002949,1.0428221282566186,0.4680552472675365,0.9410758257793985,0.5386296976414577,1.190581306013976,1.0566746172947608,1.184790343003118,-0.37250333226947163,-0.3060943088616186,0.018857419795913224,0.05670429384100309,1.1319641976731067,0.15832142478983177
78,-0.21953661640866026,-0.4502617138614542,-0.1140009443202766,-0.272481606991811,0.6600171775757625,0.24434961464417596,0.09478668033323032,0.09173224195054826,-0.18286898118939424,-0.43909596073576795,-0.3692264434134728,-0.02555836635286393,0.03603433444472608,0.8063767221296255,-0.20856452667232508
80,-0.026077051513102145,-0.018388111274934924,0.5772764912759851,-0.28535347588135357,0.22018861741647636,0.0036506160942468345,0.06553760021373392,0.06326213841714017,0.3327773955345941,-0.5728947587478945,-0.2757252044766443,0.03094034880714583,0.03918234638752617,-0.22083518535384888,0.1480233938608175
81,-0.04756238516781419,0.10278652791749929,0.572909971031755,-0.2210658115706908,-0.164994506737719,-0.0320989880659639,-0.0695942842908761,-0.11024150991896,0.10322122986160909,-0.6875988044340711,-0.2775708248005831,0.023731611576135028,0.037694396346361965,0.4225669865302329,0.1379418301835444
82,-0.11523690663539976,-0.4414537614051277,-0.34552577876046714,-0.30166354306050674,-0.024746143236089858,-0.44037252702203733,-0.47787588073212606,-0.5944034507566959,-0.1909212591084216,-0.5930093777840557,-0.30429739703311726,0.0018009751095046551,0.02958156971633498,-0.21626279576717064,-0.025431967604142333
84,-0.5142110275009474,-0.5889602577301694,-0.8385313930220403,-1.0296050209477603,-0.42791572394802024,-0.893502742091822,-1.1435284719511767,-1.1672388805486382,-1.2429617254253575,-0.8843302961280288,-0.7948154194002309,-0.2861993658983454,-0.1272267078150877,-0.4949751064502691,-0.19190629247881844
85,0.1710149522024128,-0.9629459183812561,0.1311466873246777,-0.4352505848883826,-0.05725242672558907,-0.526041620770367,-0.5549026967464349,-0.6001441920666537,-0.06883671916519579,-0.9688519852796225,-0.6853848959022841,-0.1715968010581773,-0.1559557062018813,1.3523771147027872,0.14249822150229485
86,0.6065483931423629,-0.340749817798752,0.5887246170252854,-0.08660242110090852,0.07452173737831233,0.10402662534508697,0.1158734978286114,0.000881833845444331,-0.0064972159216546,-0.7758130285659206,-0.42385885328745926,0.030348866415195373,-0.11733531398487664,0.026491429736792367,0.13623036020800566
88,0.42144505515338065,-0.2160991186201811,0.6602675885737136,0.16821804228519996,-0.19514165409218562,0.19335717257795726,-0.30547329486859626,-1.886621794822507e-05,-0.7370268865632348,-0.010542554707313292,0.44579060897607453,0.49875810084174726,0.21005247995878473,-0.06440816071514957,0.13005482580547464
89,0.6025984903839616,0.34651592445003954,-0.20184603488822866,-0.16248866616503918,-0.3143649892370415,-0.25358987122354304,0.6039286227256012,0.60005760801786,0.5687351404857204,0.07811298053951199,0.6487640594661327,0.5293847063768683,0.33866470792057146,0.09961523625390259,0.1248893515702476
90,0.1604564624006044,-0.28441708051398573,-0.15725203166484142,0.5684500907850739,0.17191626206283533,-0.16080046513097904,-0.20243941489325226,-0.08255464574409054,-0.048740986883559774,0.18378694739148307,0.66325364934042,0.4391190246906686,0.4104993703197669,0.8075845385684745,0.11820734942734828
91,-0.1804425739819471,0.07101992687277281,-0.37224712315063746,0.1642121304932868,-0.2782055821095038,0.2892060130715988,-0.021039901492955346,-0.07004333902207191,-0.5781352010013291,0.12744382168827878,0.5417969678506658,0.2890849149959715,0.4159667566299596,-0.37430131970285285,-0.1687699376442897
93,-0.30182636270243235,-0.42355365805016704,0.2614408103723278,-0.47617522644725513,-0.6031275416370482,-0.6295427026538625,-0.8353456406188081,-0.6299299472445806,-0.48785364965388095,0.44444346863188416,0.6526245099925235,0.23267684373998967,0.43437959676538596,-0.3155416434389112,-0.17214858424223425
96,-0.027998047369814677,0.803510427849342,-1.2257150060687612,0.1893543257570947,0.1062679598917222,0.18485495127686674,0.16280313542264907,0.2080745384753375,0.43462763044537683,0.987538101399283,1.112168382679739,0.322922321670284,0.4823464129741121,0.36312555692393456,0.11471606868196507
97,0.0015987287945976453,0.41581390401756146,0.008309278555115878,0.08108519286114349,0.48820550166909443,0.10440312346135595,0.25531772329905894,0.3039133387864765,-0.488998835782704,0.8711503715387603,1.0279334894783974,0.22562957378873183,0.44838604205424515,1.115708791478026,0.10831381051029546
98,0.6679717974802105,-0.3030295646824239,1.8718724508729125,0.7335258756375366,0.18762015248964217,0.17105532555431496,-0.013267014919838376,0.2452037091012492,-0.500643107079828,0.9243203636919562,1.223349989773188,0.2933435892826404,0.44410380258214444,0.08094382844787823,0.10512936118057684
99,0.01698343080097068,-0.17576839955261184,0.34229565502721704,-0.8137760725846208,0.34986435861405446,-0.04563840566627023,0.5524645687135596,0.0827343055927618,0.8475797849213834,1.03899922420977,1.1365419084498611,0.20229279630149935,0.41078714919401094,0.14798628658818871,0.09964468000342297
101,0.6252300034562049,-0.31030022282880815,0.07009270069648697,0.3010655996092536,0.19569314870053306,-0.3850800416869566,0.8435511907534141,0.9294600779570594,0.7669933192047914,0.9401016385613773,1.066003349709158,0.1339212077000501,0.3020522550068099,0.1754631140143083,0.10127098433522762
102,0.04209447433006296,-1.4353920728779597,-1.1466192935882886,-0.39199164636469885,-0.5947858600247168,-1.145941560553836,-0.19345236778596187,-0.7791581633604785,0.4118444031112995,0.9308625871809447,1.001905983706214,0.08291747812230836,0.2622776476724464,0.027521638165467793,0.09620721085588167
105,1.4315041683132048,-0.4400952563846407,1.345039515880583,0.6531435945155581,-0.4857172305688034,0.10393943138104522,1.238927992530603,1.4905544694380983,0.41211180395161373,1.1218269567204482,1.3584200671254867,0.2912632658449729,0.19398374472979513,0.5920649820462298,0.09700597857231254
106,1.3778688225104307,0.6407717170101732,-0.6938752719948114,0.4714912070918599,0.18453099548797794,0.6356018691460689,-0.5239257422998794,-0.2687925356282137,-1.174204506258226,1.6011034513131743,1.836377079158921,0.4968577898262349,0.3062329143434715,0.1475372479284249,0.09721457708096075
107,-0.6293473164542733,0.5552631938871339,-1.2856356380975331,-0.7154773055364372,0.13016817310952108,-0.05263477604439478,0.17758342145162795,-0.019498818174322925,0.4398602935695707,1.3634613074171535,1.424876119952162,0.2058507951962661,0.30371887000667525,-0.6037007279451334,-0.1460724779286381
108,0.7496448370317681,-0.013899468149011268,0.5666988653876992,0.9399743849575332,0.09026296610888301,0.46089463145558685,0.930205274129342,0.7744272646180683,0.4949216789588421,1.5521747058316366,1.6301312617106287,0.28399437146204043,0.3261091493762422,-0.09637157942479478,0.09845135534226161
109,-0.32423218570748447,-0.4650623656351046,-0.3531992479518165,0.4257920368284167,-0.14181692716200067,0.6007365777514726,-0.044043130484985246,0.12893080428611076,0.07981565532115499,1.431667766596364,1.366625028266353,0.1104053870308099,0.2891574763421425,-0.3140043574390517,-0.148487264568115
110,1.0057174001588867,0.2350199390484605,0.575105807795254,0.1571348245642489,0.6453783624870978,0.7426484406503076,0.6136281316424852,1.0466180905624296,-0.3204918771970894,1.6459143560479377,1.6844448488222694,0.26226276908053825,0.30747641951396937,0.12201004080344081,0.10192499766305536
111,-0.06444700087539834,-0.6974041069501689,-0.15065185954043075,-0.6364909620435137,0.5713812794167082,0.5243794615557702,-0.23791669009767838,-0.3611162033897048,0.3758100856416836,1.6171777323196117,1.5251811271880569,0.14700586356031128,0.2858528965414913,-0.029267926716830314,0.09640811148338141
113,0.6585868146295978,-0.397593986467258,1.332899795202874,0.21773984380753983,0.790924649929637,1.0374880466888659,1.0994155219958317,1.094580379335465,0.48140680731072605,1.8531413663539873,1.5085739192305676,0.1266487519314815,0.22244080953661466,0.011691092269103464,0.09912185143665793
114,-0.6556426769839088,-0.16709107010806168,-0.4059111015794864,-0.01201074431884651,-0.03683831715338864,0.496382464566731,0.6236323462860283,0.18472110754458465,1.2419978043346116,1.7561008798467783,1.119581551521972,-0.0860040638864213,0.14850596776064806,-0.44611828311416,-0.1478445599212667
115,-0.1349862515619489,-0.6564610083617055,-0.5928372648152855,-0.6788476723208469,-0.3202529526349345,-0.9967836409821077,-0.7310337921824668,-0.83866718840449,-0.6700992739739176,1.6785364352264294,0.9791180304525932,-0.14047983017377494,0.07476713191324695,-0.1387385579653334,-0.15354324761682672
117,-1.0373947333071845,0.24152907177010635,-0.32435034061654383,-0.0688254539931702,-0.6770353047249592,-0.059437860719144635,0.04435852137810988,-0.37802059137524774,0.07832005883606835,0.750750209323499,-0.12001681273192509,-0.6629584920318566,-0.2545305838385325,-0.9681666037481861,-0.15633610720606383
119,-0.002179195844748299,-0.7714222799569171,-1.0398270379715242,-0.3410537712047524,0.06852121159811975,-0.028924956025919643,-0.07242863478194746,-0.3413314392464162,0.12932142863737764,1.5621226479450607,1.6427021116244753,0.3737005449076981,0.06505086193621698,-0.14027548222500758,0.11881219673223675
120,-0.004184407603911299,-0.5863534118273022,-0.13666521180481836,0.26946122654757165,0.06132537558178191,0.5149003852722667,-0.6007800151287523,-0.20336197509036513,-0.34761716204747684,1.5168311258691478,1.5124691331010889,0.24659686525826993,0.12376757403554174,0.005090218042160194,0.11200088761442427
121,-0.27324811649075614,0.518825550946777,0.33778662715926117,-0.46591332813214476,-0.1263404092516707,0.2751156210985946,0.10066892851193665,0.25131794735174945,-0.48037912958714574,1.4655916328249186,1.2810225054951092,0.0864775145032034,0.12277271002877217,0.06864332506044526,-0.16216799942770393
122,-0.538547634168971,-0.5272904105516631,-0.315981077341668,-0.29285775208237963,-0.479112873241663,-0.5297041214710253,-0.32849430381912254,-0.5861029540535797,-0.19914315477284883,1.2029679872267622,0.9621677786440125,-0.09830911429717339,0.06712875285670045,-0.5398914800059277,-0.167470529563027
125,1.0108632013837417,-1.8811161417308444,0.40795883475987993,-0.013856031056651915,1.2998926485542617,0.8379696693618849,-0.2691187510635824,-0.46515701962864314,-0.48300610396059324,1.5186560775347526,1.7840870293765823,0.3733234159341695,0.19327510133491632,0.1421884176487067,0.11485439457261727
127,0.8837026895461042,-0.4738926807388712,0.8484913205540551,0.10482926135080281,1.0141375169472189,1.6200040571926742,0.5373421684817327,0.4398036449202308,0.18430126655786738,1.719962530195479,1.9557365933208577,0.37898403920745527,0.30015267314990024,-0.04394274511090987,0.10670928562199389
130,-0.7606416588021838,0.7802404710353547,-1.52861477573013,-0.543891051694631,0.6601478996182587,0.0657182877437568,-0.2600451521767019,-0.4605737112217311,0.07188113532664091,1.3039516614359787,0.9249795127658786,-0.29070175502988777,0.1388131103131949,-0.35890707587999676,-0.15275119504649912
131,2.088735599862295,0.1419068953042729,0.6917218440671035,-0.13202425196936787,0.32227173459712605,0.41947852086144444,1.30420444655016,1.3088164831824274,0.7973910263188636,1.6514046287452604,1.722478947360613,0.20934018745063446,0.17080037027869102,0.4405618605440057,0.11077483595638692
132,-0.4727920324975852,-0.9214071244680544,-1.3854581686505263,-1.0922155351805292,-1.3446129245516811,-1.0426353472539205,-0.36254666491342846,-0.580749702092255,0.03556876097867408,1.5182940817354929,1.3880274531561294,-0.00010315704948688904,0.13394112399710018,-0.26902197546503376,-0.1600815224490975
133,-1.1650777631754454,0.7167315067096005,-1.3986029779095939,0.03415631877354186,-0.2840881005567188,-0.27883640957293054,-0.48358223852512733,-0.364328736996734,-0.6375000182613616,1.361891541190507,0.8050508127920826,-0.32570360175296065,0.010352085991658095,-0.6847411823411741,-0.1624014419480989
134,-0.1540539826096144,-0.21133817880726002,0.6705736871685712,-0.8964813611044833,-0.01838047675624028,-0.39620236940008585,-0.9464891353230316,-0.9702319550951953,-0.8448135522996201,1.2173163096650041,0.6826679641322942,-0.3476188311496301,-0.09191142747017353,-0.2611165365936371,-0.1694987975928154
135,0.10830261934063659,0.3959911506050129,-0.11165479352683598,-0.04367275822536268,0.11207052926012706,-0.1462521233780613,0.686620011280906,0.6564538826719473,0.18254834923215363,1.0089629022018753,0.6740046940418438,-0.2991362700874882,-0.15887134150396143,0.3918887485995305,0.11962189642774841
136,0.22286552669995283,0.9032145072764761,-1.705094920685836,-0.07297784475917883,-0.4204597484031018,-0.8114738674541634,0.60180381109523,0.27291026531706947,1.120304686396328,0.8275498171410072,0.7115752992908988,-0.22691730956643427,-0.19230119810620738,0.13372482130134888,0.11369570298097297
137,0.23025219051051357,0.9819420806375676,-0.3536710546280071,1.1908354142868647,0.17148643779793082,0.8582449106047649,1.0140194714053332,1.0522987317853505,1.4172623319807358,0.9686415582077825,0.7494964969825766,-0.16275711928711753,-0.20155295931196987,0.8991154068036429,0.10832042597070655
139,0.8647296007903145,0.3209914467354337,0.14215699993924027,0.054978781183536746,0.17052446251793965,-0.26418300256103966,-0.2958116122694444,0.0643921135162013,-1.261950692518093,1.1203945060548202,1.0853306960382956,0.11429396891322355,-0.12423044959212921,-0.8999864755653888,0.1014126907719412
140,0.12495001760745265,-0.647145796468412,-0.23065464926019438,-0.14837998474717828,-0.48116483186141185,-0.7354874662272076,-0.5071039187346417,-0.33279087687771036,-0.7252352723160832,0.9751222369108623,1.0535500206373525,0.08389688511467933,-0.07738236348570916,0.06134064602373169,0.09664701935369323
141,-0.9451561515278929,-0.5306517626198216,-0.1826567139191831,-0.6552995240830991,0.17942915364873602,-0.19014949627564035,-0.47446673283701596,-0.4701199473288401,-0.22850710492382026,0.778451731614879,0.5944422285710804,-0.22890729088820683,-0.12808209449397648,-0.7690356748303718,-0.14430454984004543
142,-0.9213800818636407,1.4356759459481865,0.2834404278091193,-0.45570388157324154,1.3456913270054014,0.4569726860141508,0.9794325117566909,0.38243430419806534,1.698140881468688,0.6121893158133852,0.19114032802442837,-0.47187493602645686,-0.23576133549550649,-0.5465889141159493,-0.14657345794409274
143,-0.07780978756647298,-0.8090934753441823,0.12822592113357337,0.0924218698671345,0.34275078709015216,-0.030181625404224748,0.02554205734617837,-0.19762797412080282,0.0683566368431535,0.48623781049226106,0.14544077810355516,-0.43950741317583003,-0.31244911607705267,0.3133888698285981,0.09584868159670235
144,-0.11276791702056786,-0.65827299932822,0.4862741991869408,0.5972653448691743,0.3054945332013032,0.5408998971898678,-0.37392650217387463,0.011059264511099526,-1.0155480863851245,0.5657583763191865,0.08972363702985706,-0.41925105170831944,-0.36869539954179326,-0.23530633487209313,0.09067147049819767
145,-0.4382982078214624,-0.5539954046938318,-0.8999023717930783,-0.4155311015566332,-0.34435029852428256,-0.24549166637124353,-1.043617135188326,-0.9614294872146678,-1.6157239969751191,0.49733136727238253,-0.0847827893612725,-0.496423421790639,-0.43483802264580385,-0.8880451439425889,-0.14033978686793774
148,0.6558804765664389,0.26384919160746106,0.8768074958262375,0.5200886914535429,-0.7432732209167627,0.3754701764354262,1.2912661849781926,1.042712595121827,1.0754496896676946,-0.026928428903317186,-0.3533615844416765,-0.4775589517920009,-0.6386543017332685,-0.20091080382723128,0.09786360294456982
150,-0.772936702385192,0.4573731927736416,0.13383858511633862,-0.15269438888207656,0.3451073210074181,0.4099520982436617,0.06745445491316303,0.20988125198258256,-0.14448172506464088,-0.2478558679913538,-0.7402347029326407,-0.7163461079135901,-0.7395968871432487,1.219186031297388,-0.15054784604574598
155,0.40471279609904576,-1.4297044014867561,0.6114491260927606,0.42340108429484014,0.018692797944196128,-0.39612021703142153,-0.3794233476872872,-0.19958235003584757,0.1434492335583865,-0.5261663450264137,-0.5292033942029645,-0.24994471061490978,-0.5456130427769863,0.6484166542155521,0.10239566477585897
157,0.12515532878523228,-0.4621762599043982,0.19064225981818442,-0.7907111113547508,-0.49861339094205676,-0.839343897550795,-0.39880592685767297,-0.5640301854602268,-0.021994423268795023,-0.940507556433855,-0.8824311489940689,-0.5171731638211906,-0.6782676374430266,-0.1405678622535085,0.09824790940668585
159,1.2436839302293465,0.30549419970523284,0.41511225514489014,0.5108656194357477,0.25069799955357025,0.6212023100746501,0.9921586325852688,0.9209258706756743,0.8854509956906769,-1.2107212059503458,-1.4756758868681046,-1.0264520457001707,-1.1555661441757858,1.2149006380677092,0.09035132641720764
160,1.0287640470739328,0.3973547143985518,0.7702529516037814,0.6502835011926023,-0.055770858840170155,0.24146535162662583,1.4004047415334102,1.353622181752896,0.9182190952490501,-0.8976439709677737,-1.0364724880968712,-0.2235700782751871,-1.0413320893245555,0.027407077608531588,0.08958779850734779
161,-1.1955495626785395,0.8413298881201818,-0.1565779003382967,0.13112750196308925,0.2592277765427039,0.5339228153848964,-0.0896385932861315,0.007942970969567649,-0.2755599345346899,-1.499351800160349,-1.3844136132615066,-0.7299837727757591,-1.0713525167815119,-1.115970024476843,-0.1365402487003546
164,-0.1072433316287198,1.6852975857143895,0.5522518451888854,-0.24789617147722615,-0.4474356664895754,0.8418850949169241,0.2880106342859189,0.23021744384760492,0.4620916192019971,-0.6770704655292645,-0.2619870284177043,0.8650244541579833,-0.0578476213377173,-0.020796122251244442,0.08688578274973385
169,1.0659160062462942,-0.7049121281385045,1.0954564602641554,0.8326927185545985,0.256724533040557,0.4557846625338919,1.1936870023985169,0.9988346382643338,0.5717767503290058,-0.8187510935482178,0.25571190463906246,1.0776585312937643,0.6169591831831288,0.24815512111703286,0.0874365481029504
170,-0.668816338217052,0.21401489386757708,-0.33168069952371043,-0.30191507056677597,-0.22971904762938333,-0.48038374184310106,0.054454305272837074,-0.1791162435947461,0.013685088069074256,-0.9765275951638009,-0.01968536126462764,0.5384867395852608,0.6670869674835873,-0.1529666442946838,-0.1363174700807655
171,-0.1652725937677655,0.0771146272688451,-0.2160567411152897,0.5361354484130925,-0.632056262909321,0.0223642186124643,-0.11754407761111822,-0.2526616800908689,0.5510576285823703,-0.8191241623879321,-0.0832491991386715,0.36665835602944213,0.6428605961306342,0.3638258377469684,-0.1408538060758599
172,-0.7078597149528936,0.6525550476923648,-0.30936447863923316,-0.6552853948733955,0.1539929150009451,-0.07608227005485994,0.5309694074743322,0.1576964584679558,1.1538806874090417,-0.7748585315125619,-0.3434664651840099,0.019180065802328096,0.5021802954671793,-0.704785410484589,-0.14370953657803426
173,0.2885129648810136,-0.5462267300393298,-0.14322802244120256,0.6715711980665791,-0.18640826026175653,0.29412102679844254,0.09342359730951161,-0.11592440043231018,0.36469508998891914,-0.7044725082942699,-0.21651119643024144,0.15303001508487574,0.44164467553074993,-0.5480492698573098,0.09432016896517897
174,0.06905309707175913,1.1871651429495464,-0.3413642339730469,0.03549073875932539,0.7378792338242671,0.4299332374642657,-0.14758586060348852,0.1787095262390657,-0.41745981901530466,-0.6691547279206981,-0.17893121818205263,0.16665174471752978,0.39957967020265683,0.7024698942393914,0.08991228879432446
175,0.22051681200593834,0.38195547087597304,0.5350935670956688,1.072156171665268,0.6040729892531717,1.0310217259486762,0.4988354416285116,0.5971178300002349,0.36991536985977136,-0.5408447044140305,-0.08702688292939972,0.234649128427622,0.38964533657830536,0.7420060685226555,0.08635929142586958
176,1.0073819266545818,0.807349096862857,1.3575368015451994,1.3924320226743554,0.2797447653174902,1.199789669498966,1.3690562762105574,1.1848729023961702,1.2073299558191952,-0.28300356684190975,0.300153778624824,0.5899914893272453,0.5013278101791375,0.35840359427787993,0.08570859131475936
177,-0.20667288476015863,-0.010253899414095243,0.5748822528420515,-0.7264178531344347,0.8042092270245269,-0.3728639211117968,-0.3826359619834434,-0.3266264305961954,-0.25414445073494046,-0.09334712042953179,0.1969613462902268,0.37556512010366216,0.5151777096809097,0.770935754393075,-0.13624766502103883
178,-0.7568893417125799,-0.043934817222672735,0.34011117787348294,-0.5440903252209602,-0.13244677463075943,0.05830701642675408,0.0316934583500253,-0.1533948436166381,0.3931066492628088,-0.36655510651345735,-0.10629376548030782,0.011411064918022533,0.40327396059262915,-0.581497922621103,-0.1386126317227295
180,0.08796875806091918,0.43020522767496155,-0.37823707203222867,-0.489824012583412,-0.2875785583126004,0.5976811717507515,0.20194026315636368,0.11936317156565965,0.1391521334259936,0.009016494084231306,0.1718627439690648,0.23564946266606498,0.38871833906087055,-0.338357544394496,0.08645397610044518
181,-0.2613060835170831,-0.5925901341007629,0.13528570205022822,-0.28237576562365485,-0.2521485842737553,0.37244118925497594,-0.4624717196636585,-0.2546608488340269,-0.8686088056916316,-0.13671458613835855,0.057695432406366196,0.08638008127714994,0.3310619736771999,-0.568597833579915,-0.13679585776016723
183,0.694514206877957,1.1133287209540546,1.1786609789358973,0.2916342055723592,0.7126292292148154,1.7337939468262866,0.7731614393920888,0.9174256038333418,-0.09280529965778368,0.5524095890595322,1.3280834789467013,1.0034869015101227,0.8085731263362537,-0.021809447304120298,0.09380319011277519
185,0.14236486199241008,0.0568979622220637,-1.329404862036611,-0.676367818242443,-0.8791079813297736,-1.064433821470905,-1.0600668050405988,-0.620461987802659,-1.7007535029575764,1.1291541628378017,1.9877417350235653,1.0111081198070802,1.1916401135678538,0.07059793242400203,0.09226279457609907
186,-1.3393474583418243,0.3171016365973802,0.28607692130998663,-0.8169423049624336,0.12287077406836731,-0.6220299651675365,-0.8812932536791356,-1.0821384136833507,-1.3987255458714185,1.049981084772303,1.2629519931980422,0.3096408406246436,1.0021286365975202,-0.747867301791005,-0.1385999327368096
188,1.4085745277694695,0.5994026464708769,-0.7200754944262266,-0.28354377187173874,-0.5053924278439254,0.31924465009518527,0.02548408237612373,0.42412099433125783,-0.5556386278487891,1.8004778828902173,1.5213861806749887,0.43461031845906334,0.747440187735521,0.18894763865763825,0.09731836105596087
189,0.2806951424719107,0.06188270665356724,-0.7781864238287031,0.15486343493738405,-0.20536306223416084,-0.3987482358635504,0.07475708183163504,0.06817514678118812,0.4333615561588068,1.6492304885963458,1.5211836474848874,0.36611500897575844,0.6927091193795175,-0.1050722147711145,0.0934444600684421
191,-0.49296110584104114,-0.5609823192321111,0.08342855101014796,-0.4098050487051148,-0.30262964099097966,-0.579314565641221,-0.14230273737660878,-0.16439707992116484,0.19408078331730907,1.8554562934244403,1.665007280902302,0.3046124236053876,0.6708669647180163,0.037197392065913056,-0.14362586246833597
192,-0.14423220306954693,0.8195679058325492,0.17908444300950158,0.04658908208427396,0.38505046474191973,-0.6606729264340316,-0.2591553762744359,-0.29881601907024674,-0.4449728117312977,1.636504206888746,1.4738108154369356,0.14041270397932779,0.560842514620594,0.010331646896623331,-0.14889056869631773
193,0.12177409607804851,-1.4283022148673343,-1.5798658336087597,0.7910310045348651,0.23193666484545444,0.4947057991539125,0.21200109070618647,0.23045473760176968,0.15648924518790291,1.3582025219105185,1.4104632906380172,0.08690028708891213,0.4608866755508392,0.45894196860769504,0.09892703645916685
195,0.9963982410303999,1.9461286093847874,0.22962397348359703,0.7746125051406151,-0.09917146553079417,1.3299559963094705,0.9633798796829112,1.299232974410366,-0.24531132217786594,1.5889356986934688,1.4841830636359568,0.1560636457020418,0.3070780684347399,0.21390668020641107,0.1022967773460968
197,0.4383367983890773,-0.6376968355356586,-0.09627177517262105,1.1297423148982064,0.0511691216134901,-0.5695413408885008,-0.16705593605372862,0.024408281277483436,-0.3337110533568855,1.9363213111262993,1.8350594943675356,0.3278039069518102,0.36699385902606196,-0.043676224475540384,0.0972165585818469
198,-0.33356784492801195,1.328423098422809,-0.2991700332139898,1.8700440503221099,0.5951467006897545,1.290155027295104,0.8571766918591759,0.7786599048510989,0.6209278321180718,1.6841316096732906,1.5482952149267308,0.10096998821632254,0.31663566932919995,-0.13426612142983138,-0.1472244282555973
199,0.9852809056983662,-0.839638661190598,-0.8480247072817415,-0.6380067952157306,-0.2901644410101848,0.8650346186476986,0.2044266902340897,-0.059133985916102395,0.10932066489384622,1.7217861310153932,1.8471462537171643,0.29151615749594234,0.33480228746667334,0.5944024747369677,0.10054010702199911
201,-1.1584849368155798,-0.8008670051956042,-0.15385147728695436,-1.7673089565659712,0.5325633353569732,-0.6685764981864656,-0.3162400150601084,-0.252122445961244,-0.04990084779161432,1.2725459939264794,0.6143259794393429,-0.5256969090901128,0.011892674885266541,-0.8484106841193011,-0.1483411412547604
203,1.969264954334411,0.2614832327564971,-0.039553362890693784,-0.36494101374949944,0.23288280826804228,0.21212864007914134,0.3840052944258386,1.0602443512061783,-1.248273019290854,1.2377054679907562,0.4493364153965883,-0.42449648740113033,-0.3591361484973169,-0.0755855396439752,0.10242316423023393
204,-0.03694426803769603,1.3508334066912009,-0.6119936409355621,0.1676004513148853,-0.1406049907480824,-1.1229360822960235,0.08362110590349789,0.3644109964514351,-0.04959898989783871,1.2065309250065763,0.40053795029603156,-0.40196201835758794,-0.39886697098394375,-0.22217799626605178,0.09696643613911157
205,-0.7290059788205951,0.22737884060561095,0.36912440525689705,-0.22164383913263164,0.11193167155804039,-0.5547128616622433,-0.0011213542663976108,0.1884581563612491,0.029121981681811803,1.013987770242,0.08923835753616272,-0.606275637411206,-0.48346755872275515,-1.311246371762477,-0.14544431731429927
206,-0.23116091214422735,-1.2190821457410144,0.5322245477439803,0.3451675922197068,0.44325264999811853,0.8114240841046516,-0.6388012025803409,-0.7331697640256618,-0.2820441097900447,0.8084973226403549,-0.007208233944685515,-0.6143817836841656,-0.5541706467580749,-0.21418738599248172,-0.15052831435833927
207,0.08030215358286649,1.9824525707757694,-0.9880657424711468,0.7150421313158368,-0.06880285867158395,0.11071757178132775,0.22404953790716312,0.6670323621212663,0.08413314595730799,0.8484241894604634,0.02096955586939122,-0.5087269927914309,-0.5859656685751641,0.9514177985654657,0.10041639039804706
208,-0.5360995476518937,1.0889972799269347,1.3406799458876753,0.28139628468306566,0.29118360021783674,-0.04554136514415209,0.6710635653125897,0.6748700852576404,0.5090076982770718,0.8480960109216915,-0.18448249740879277,-0.6403044335369251,-0.6450688135645646,-0.14963592472833886,-0.14959170728993781
209,1.3104982176228201,0.35636908371459153,-0.12340772723184366,1.485675040553289,0.220224967434388,0.7088283964963286,0.5301419696613323,0.7192441037724291,-0.20007234497670076,0.9996061220819626,0.3234294215396069,-0.04331320355374424,-0.5458579365559756,0.03432845784311555,0.10427238023945126
210,-0.730057943787668,1.4640366652469974,1.559934696967865,-0.6598325229125257,0.834149996300392,0.3365453312440763,0.5763807652144363,0.7367123510351969,0.14856871791273826,0.8337192329091407,0.018787522967551092,-0.3395008476605426,-0.5376467723023296,-0.6749772348518214,-0.15260018032696043
212,0.6659793283159995,0.21243990860547532,-0.33953507160088403,-0.3655457462473277,0.6026483561239491,-0.23435833975007403,-0.02230380965308131,0.04097795089746951,-0.31024503428710015,0.6690748589650461,0.43902946354722666,0.17173517621171164,-0.340113031818026,0.7936302929060985,0.10117456945250682
213,0.7301111332346861,1.2679390141396885,1.235964469030504,0.14809791828283617,0.3107350310765038,0.27613322494948545,1.178780713669835,0.98951986294171,1.5157698632201562,0.7004000312803919,0.6930692263232694,0.4075077371192535,-0.16553354568606307,0.49461504373969095,0.09871058365914057
215,0.34195001689987053,0.8657657829665607,-0.10048485641743027,-0.21193818884719615,0.9623006729147154,0.48175179628573794,0.5850379965785467,0.48734124875148677,0.8173304831663186,0.01749401315001404,0.025378310218485387,-0.2630865327515702,-0.28888454275255604,0.4132618478363918,0.09330328676071518
216,-0.31321045060687686,1.1241698762265642,-0.37013331028102914,0.19962478307972403,0.03440084700255438,1.1391504173873694,0.24320722514672496,0.28158204979398904,0.6765944014515717,0.18217973917919236,-0.0970894218277964,-0.35531535971691436,-0.3327199743444609,-0.7766768192516601,-0.14341603529765645
222,-0.3613603177130361,0.2770427108822779,-0.4446472844679125,0.526735963632308,-0.33050690302455504,-0.4349702953515851,-0.3157226572954092,-0.13766301014255408,-0.32170259668723433,-0.5908910876438775,-0.6462415783211731,-0.381872462488914,-0.8734033797581002,0.5571396048904862,-0.1481356372277226
247,0.3453239656255878,0.2100803852796557,0.07437330382363574,0.31549214068870113,-0.031019563212612174,1.0460529887547194,0.08652367960817008,0.06388896852091543,-0.07319814260049967,-0.5724617869499812,0.21013828664358972,0.2975820760256152,1.14044374478427,0.3678066561485693,0.09927350832191764
248,-0.790822126484716,-0.5364438842032342,-0.9757482349626974,-0.8462400663340132,-0.655966956194051,-0.5946307851953915,-0.881427225440485,-1.1146250118711387,-0.6871169704331285,-0.2826505050692165,-0.10703905430897429,-0.1180735966075178,0.816048763533452,0.6898424855050008,-0.1474631539836762
