Date,AMD,INTC,QCOM
20200901,92.18000030517578,45.58388900756836,111.50948333740234
20200902,90.22000122070312,46.89423370361328,113.1817626953125
20200903,82.54000091552734,45.22488784790039,106.9796371459961
20200904,82.01000213623047,44.9466667175293,106.55697631835938
20200908,78.69000244140625,43.89659881591797,100.8602066040039
20200909,81.91000366210938,44.53382110595703,104.76525115966797
20200910,78.9800033569336,43.94146728515625,103.31350708007812
20200911,76.33999633789062,44.22866439819336,104.21395874023438
20200914,77.9000015258789,44.34534454345703,104.25070190429688
20200915,78.93000030517578,44.87486267089844,107.1174545288086
20200916,76.66000366210938,45.20694351196289,105.26142120361328
20200917,76.55000305175781,45.16206741333008,105.55543518066406
20200918,74.93000030517578,44.7761344909668,101.70552825927734
20200921,77.94000244140625,44.623573303222656,102.83570861816406
20200922,77.69999694824219,44.82999801635742,104.58150482177734
20200923,74.7300033569336,43.81581497192383,101.59526062011719
20200924,75.81999969482422,44.1209716796875,103.08380889892578
20200925,78.05999755859375,44.82101821899414,105.20630645751953
20200928,79.4800033569336,46.15829086303711,108.85403442382812
20200929,81.7699966430664,45.94288635253906,107.8525161743164
20200930,81.98999786376953,46.472412109375,108.12818145751953
20201001,84.86000061035156,46.885257720947266,109.8188247680664
20201002,81.80000305175781,45.78134536743164,106.09756469726562
20201005,86.1500015258789,46.391632080078125,110.73766326904297
20201006,84.4800033569336,46.104434967041016,109.83721160888672
20201007,86.69000244140625,47.271183013916016,113.04393768310547
20201008,86.51000213623047,47.899436950683594,112.40994262695312
20201009,83.0999984741211,47.40581130981445,114.73458099365234
20201012,84.29000091552734,48.35715103149414,116.40685272216797
20201013,85.27999877929688,48.31228256225586,117.11436462402344
20201014,84.20999908447266,48.060977935791016,119.33794403076172
20201015,83.12999725341797,48.330223083496094,118.14344787597656
20201016,83.16999816894531,48.608455657958984,118.55693054199219
20201019,82.0,48.985408782958984,117.99642944335938
20201020,81.55999755859375,47.95328140258789,117.88618469238281
20201021,79.19999694824219,48.01611328125,118.11589050292969
20201022,79.41999816894531,48.3751106262207,117.95968627929688
20201023,81.95999908447266,43.25938034057617,118.41910552978516
20201026,82.2300033569336,41.93107604980469,115.95663452148438
20201027,78.87999725341797,40.9617805480957,115.69017791748047
20201028,76.4000015258789,39.71426010131836,111.71162414550781
20201029,78.0199966430664,39.58860397338867,116.17716979980469
20201030,75.29000091552734,39.741188049316406,113.3471450805664
20201102,74.69999694824219,39.902732849121094,113.90762329101562
20201103,76.58000183105469,40.25275802612305,115.26750183105469
20201104,81.3499984741211,41.015628814697266,118.50180053710938
20201105,83.0,41.29588317871094,133.607421875
20201106,85.87999725341797,41.03371047973633,133.2398681640625
20201109,83.12000274658203,41.22355651855469,131.03466796875
20201110,77.98999786376953,41.07891082763672,128.73760986328125
20201111,81.27999877929688,41.90156936645508,135.7023162841797
20201112,81.83999633789062,40.63593673706055,132.2291259765625
20201113,81.43000030517578,41.09698486328125,132.5507049560547
20201116,83.7300033569336,41.75692367553711,136.97030639648438
20201117,83.36000061035156,41.16027069091797,136.66712951660156
20201118,82.54000091552734,40.735382080078125,135.11428833007812
20201119,85.54000091552734,41.24163055419922,135.55532836914062
20201120,84.63999938964844,41.03371047973633,134.17706298828125
20201123,85.30999755859375,41.639408111572266,132.146484375
20201124,85.06999969482422,42.498226165771484,134.08517456054688
20201125,86.70999908447266,42.534385681152344,132.38536071777344
20201127,87.19000244140625,42.895999908447266,132.15560913085938
20201130,92.66000366210938,43.70962142944336,135.2245635986328
20201201,92.62999725341797,44.80348587036133,138.98257446289062
20201202,93.73999786376953,45.11086654663086,138.4011993408203
20201203,92.30999755859375,46.096256256103516,138.3365936279297
20201204,94.04000091552734,47.000274658203125,145.45138549804688
20201207,94.06999969482422,45.3820686340332,145.8205108642578
20201208,92.91999816894531,45.825042724609375,146.54029846191406
20201209,89.83000183105469,45.26454544067383,143.9748992919922
20201210,91.66000366210938,45.436309814453125,143.7257537841797
20201211,91.6500015258789,44.957183837890625,133.1412353515625
20201214,94.77999877929688,45.62615203857422,134.99607849121094
20201215,97.12000274658203,45.80696105957031,136.9062957763672
20201216,96.8499984741211,46.213775634765625,138.17970275878906
20201217,96.83999633789062,45.78888702392578,137.98597717285156
20201218,95.91999816894531,42.9050407409668,136.03884887695312
20201221,93.2300033569336,41.910614013671875,135.4667205810547
20201222,93.16000366210938,41.73884201049805,135.042236328125
20201223,91.55000305175781,42.1004524230957,135.6143341064453
20201224,91.80999755859375,42.55247497558594,137.30308532714844
20201228,91.5999984741211,42.55247497558594,136.33413696289062
20201229,90.62000274658203,44.649810791015625,137.0262451171875
20201230,92.29000091552734,44.07122802734375,138.37351989746094
20201231,91.70999908447266,45.03853988647461,140.5790252685547
20210104,92.30000305175781,44.90293502807617,137.0354461669922
20210105,92.7699966430664,45.752723693847656,140.66204833984375
20210106,90.33000183105469,46.19569778442383,139.51780700683594
20210107,95.16000366210938,47.18107604980469,143.6795654296875
20210108,94.58000183105469,46.69291305541992,144.5470428466797
20210111,97.25,46.59346389770508,144.05795288085938
20210112,95.36000061035156,48.13030242919922,142.526123046875
20210113,91.77999877929688,51.48423767089844,145.266845703125
20210114,90.79000091552734,53.56349563598633,148.43203735351562
20210115,88.20999908447266,52.05378341674805,144.96231079101562
20210119,89.44999694824219,52.42443084716797,151.1265869140625
20210120,88.75,53.03916931152344,151.89251708984375
20210121,91.52999877929688,56.465415954589844,152.03091430664062
20210122,92.79000091552734,51.222068786621094,149.8808135986328
20210125,94.12999725341797,50.11916732788086,151.70797729492188
20210126,94.70999908447266,49.91123580932617,150.0008087158203
20210127,88.83999633789062,48.446712493896484,141.80630493164062
20210128,87.5199966430664,50.68870162963867,143.54116821289062
20210129,85.63999938964844,50.18244934082031,144.2147979736328
20210201,87.66000366210938,51.24918746948242,149.10568237304688
20210202,88.86000061035156,52.433467864990234,152.05862426757812
20210203,87.88999938964844,52.1441764831543,149.7700958251953
20210204,87.83999633789062,53.470245361328125,136.54637145996094
20210205,87.9000015258789,52.915443420410156,134.580810546875
20210208,91.47000122070312,53.80677032470703,136.00192260742188
20210209,90.91000366210938,53.461151123046875,134.82998657226562
20210210,92.3499984741211,53.53391647338867,134.26708984375
20210211,92.66000366210938,55.17103576660156,134.32244873046875
20210212,93.7699966430664,56.21697998046875,136.5556182861328
20210216,91.45999908447266,56.8172607421875,135.79893493652344
20210217,89.94000244140625,56.25334930419922,133.57496643066406
20210218,88.63999938964844,56.03507614135742,132.79981994628906
20210219,89.58000183105469,57.30839157104492,133.7503204345703
20210222,85.37000274658203,55.216514587402344,128.693359375
20210223,84.73999786376953,55.589412689208984,126.53402709960938
20210224,86.94000244140625,57.47209930419922,130.20675659179688
20210225,82.41999816894531,54.934566497802734,125.06678009033203
20210226,84.51000213623047,55.280181884765625,125.67582702636719
20210301,86.38999938964844,57.190155029296875,128.72103881835938
20210302,84.12999725341797,55.69855880737305,126.46021270751953
20210303,80.86000061035156,54.47980880737305,122.07459259033203
20210304,77.75,53.0518684387207,118.49559020996094
20210305,78.5199966430664,55.24380874633789,120.30361938476562
20210308,73.95999908447266,54.434329986572266,114.23049926757812
20210309,78.52999877929688,56.99915313720703,119.71024322509766
20210310,77.5199966430664,56.61716079711914,118.56050109863281
20210311,81.2300033569336,57.58124542236328,122.14874267578125
20210312,81.05000305175781,57.208351135253906,120.51687622070312
20210315,82.5,58.0178108215332,122.05603790283203
20210316,82.75,58.91823196411133,123.91968536376953
20210317,82.62999725341797,59.82773971557617,124.1700210571289
20210318,78.12000274658203,57.96324920654297,120.30361938476562
20210319,79.05999755859375,57.99052047729492,121.4811782836914
20210322,80.30000305175781,59.691314697265625,124.32765197753906
20210323,78.37999725341797,57.73585510253906,122.87194061279297
20210324,76.4800033569336,56.42617416381836,117.92073822021484
20210325,76.22000122070312,56.40797805786133,118.01345825195312
20210326,77.41000366210938,59.000091552734375,123.30774688720703
20210329,77.13999938964844,58.66355895996094,121.71297454833984
20210330,76.0,57.99962615966797,120.63741302490234
20210331,78.5,58.20881271362305,122.93685150146484
20210401,81.08999633789062,58.70904541015625,127.75828552246094
20210405,81.43000030517578,60.518985748291016,130.11337280273438
20210406,81.44000244140625,59.627655029296875,128.0086212158203
20210407,82.19999694824219,60.25519943237305,129.2788848876953
20210408,83.3499984741211,60.98283386230469,130.1226348876953
20210409,82.76000213623047,62.083335876464844,130.3358612060547
20210412,78.58000183105469,59.49122619628906,127.43375396728516
20210413,80.19000244140625,59.318416595458984,127.30396270751953
20210414,78.55000305175781,58.381614685058594,124.93961334228516
20210415,83.01000213623047,59.13650894165039,127.80462646484375
20210416,82.1500015258789,58.89094543457031,128.147705078125
20210419,81.11000061035156,57.87228775024414,125.40320587158203
20210420,79.2699966430664,57.02644348144531,123.6878890991211
20210421,81.61000061035156,57.93596649169922,126.27477264404297
20210422,79.05999755859375,56.908206939697266,123.2891845703125
20210423,82.76000213623047,53.87953186035156,125.57011413574219
20210426,85.41000366210938,53.442962646484375,128.84310913085938
20210427,85.20999908447266,52.72445297241211,127.9622802734375
20210428,84.0199966430664,52.406124114990234,126.62711334228516
20210429,83.91000366210938,53.00639724731445,132.29225158691406
20210430,81.62000274658203,52.32426071166992,128.6947784423828
20210503,78.55000305175781,52.07869338989258,127.42446899414062
20210504,78.61000061035156,51.75126647949219,124.35546875
20210505,77.83000183105469,51.70579528808594,124.84688568115234
20210506,77.88999938964844,52.33539962768555,126.09857940673828
20210507,78.80999755859375,52.77465057373047,127.81391906738281
20210510,75.98999786376953,51.21894836425781,119.55259704589844
20210511,76.83000183105469,50.36790084838867,119.02409362792969
20210512,74.63999938964844,49.06843566894531,115.547119140625
20210513,73.08999633789062,49.425323486328125,117.8558349609375
20210514,74.58999633789062,50.651580810546875,120.67449188232422
20210517,74.6500015258789,50.63328552246094,120.34999084472656
20210518,74.44000244140625,50.184879302978516,119.52479553222656
20210519,76.2300033569336,50.66073226928711,121.14739227294922
20210520,78.05999755859375,51.200660705566406,122.98321533203125
20210521,77.16999816894531,51.319610595703125,121.88914489746094
20210524,77.44000244140625,52.124908447265625,123.23358917236328
20210525,77.86000061035156,52.04256057739258,124.01239013671875
20210526,78.33999633789062,52.088314056396484,123.40048217773438
20210527,78.41999816894531,52.829551696777344,123.9104232788086
20210528,80.08000183105469,52.27133560180664,124.744873046875
20210601,80.80999755859375,52.06086349487305,124.1885986328125
20210602,81.97000122070312,52.600772857666016,124.71045684814453
20210603,80.27999877929688,51.46603775024414,122.80931091308594
20210604,81.58000183105469,52.50011444091797,125.19503784179688
20210607,81.3499984741211,52.2438850402832,124.24449157714844
20210608,80.88999938964844,52.161521911621094,125.06458282470703
20210609,79.95999908447266,52.161521911621094,123.84376525878906
20210610,81.55999755859375,52.50926208496094,125.08324432373047
20210611,81.30999755859375,52.939369201660156,125.45598602294922
20210614,81.55000305175781,53.25050735473633,127.96287536621094
20210615,80.47000122070312,53.06748962402344,126.35065460205078
20210616,80.11000061035156,52.36285400390625,125.7635269165039
20210617,84.55999755859375,52.32625198364258,126.13632202148438
20210618,84.6500015258789,50.94442367553711,123.94628143310547
20210621,82.58999633789062,51.127437591552734,124.84093475341797
20210622,83.58000183105469,51.127437591552734,125.88467407226562
20210623,83.81999969482422,50.569217681884766,126.29472351074219
20210624,86.0999984741211,51.31046676635742,128.53135681152344
20210625,85.62000274658203,51.16404342651367,128.27972412109375
20210628,87.08000183105469,52.600772857666016,130.2088165283203
20210629,89.5199966430664,51.9327392578125,132.91139221191406
20210630,93.93000030517578,51.37452697753906,133.2003173828125
20210701,93.30999755859375,51.255558013916016,131.21533203125
20210702,94.69999694824219,51.941898345947266,132.87413024902344
20210706,94.47000122070312,51.32876968383789,131.57875061035156
20210707,90.54000091552734,51.209800720214844,130.44180297851562
20210708,89.73999786376953,50.68818664550781,128.8761444091797
20210709,90.9000015258789,51.23725509643555,131.8024139404297
20210712,90.80999755859375,51.9144401550293,132.77163696289062
20210713,90.26000213623047,52.04256057739258,131.56944274902344
20210714,89.05000305175781,51.722267150878906,133.96450805664062
20210715,86.93000030517578,51.072540283203125,131.83038330078125
20210716,85.88999938964844,50.30384063720703,130.1995086669922
20210719,86.58000183105469,50.00185775756836,129.34214782714844
20210720,87.11000061035156,50.55092239379883,130.0503692626953
20210721,89.41000366210938,51.456886291503906,132.49203491210938
20210722,91.20999908447266,51.209800720214844,132.74363708496094
20210723,92.1500015258789,48.501060485839844,135.01756286621094
20210726,91.81999969482422,49.69987106323242,133.7314910888672
20210727,91.02999877929688,48.66578674316406,131.33642578125
20210728,97.93000030517578,48.56512451171875,132.74363708496094
20210729,102.94999694824219,49.14164733886719,140.71163940429688
20210730,106.19000244140625,49.159942626953125,139.60264587402344
20210802,108.62999725341797,49.12334442138672,138.7266387939453
20210803,112.55999755859375,49.4710807800293,137.87857055664062
20210804,118.7699966430664,49.324668884277344,138.1302032470703
20210805,112.3499984741211,49.635986328125,136.83482360839844
20210806,110.11000061035156,49.663612365722656,136.32225036621094
20210809,107.58000183105469,49.78335952758789,136.91868591308594
20210810,106.4800033569336,49.68204116821289,135.94017028808594
20210811,107.68000030517578,49.866249084472656,136.6950225830078
20210812,106.5,49.3136100769043,137.13304138183594
20210813,110.55000305175781,49.26755905151367,138.5216064453125
20210816,107.4800033569336,49.24913787841797,138.04632568359375
20210817,107.55999755859375,48.53071212768555,134.57957458496094
20210818,103.44000244140625,48.0701789855957,132.5013427734375
20210819,103.69999694824219,48.300445556640625,131.03823852539062
20210820,104.6500015258789,47.90438461303711,132.41748046875
20210823,108.7699966430664,49.02808380126953,134.32791137695312
20210824,107.6500015258789,49.56230163574219,134.62619018554688
20210825,108.30000305175781,49.56230163574219,134.0763397216797
20210826,107.2699966430664,48.93598175048828,132.68775939941406
20210827,111.4000015258789,49.635986328125,134.98960876464844
20210830,111.31999969482422,49.68204116821289,136.00540161132812
20210831,110.72000122070312,49.792564392089844,136.704345703125
20210901,109.98999786376953,49.433353424072266,137.11630249023438
20210902,109.19999694824219,49.48861312866211,135.87107849121094
20210903,109.91999816894531,49.285987854003906,135.41229248046875
20210907,109.1500015258789,49.41493225097656,134.5884246826172
20210908,106.16999816894531,49.34123992919922,133.436767578125
20210909,106.1500015258789,49.18466567993164,132.55670166015625
20210910,105.19999694824219,49.58993911743164,133.58657836914062
20210913,104.80000305175781,50.6491584777832,134.27008056640625
20210914,105.7300033569336,50.21625518798828,132.1447296142578
20210915,105.5999984741211,50.76889419555664,129.4295654296875
20210916,106.22000122070312,50.50178146362305,129.57936096191406
20210917,103.87999725341797,49.976776123046875,125.0853042602539
20210920,101.55000305175781,48.79782485961914,124.29878997802734
20210921,102.81999969482422,48.69649887084961,123.35315704345703
20210922,104.37999725341797,49.27677536010742,124.5328598022461
20210923,106.1500015258789,49.76493835449219,125.37554931640625
20210924,105.80000305175781,49.93993377685547,125.34745025634766
20210927,108.16000366210938,50.34519958496094,124.9729232788086
20210928,101.5199966430664,49.737308502197266,121.62107849121094
20210929,100.3499984741211,49.26755905151367,121.04059600830078
20210930,102.9000015258789,49.07413101196289,120.75973510742188
20211001,102.44999694824219,49.60835647583008,120.50695037841797
20211004,100.33999633789062,49.24913787841797,118.6063232421875
20211005,101.80999755859375,49.69124984741211,119.40214538574219
20211006,103.63999938964844,49.71887969970703,119.89834594726562
20211007,106.44999694824219,49.90309143066406,119.69237518310547
20211008,105.05999755859375,49.56230163574219,118.48461151123047
20211011,104.68000030517578,49.22150802612305,116.97720336914062
20211012,105.04000091552734,48.051761627197266,115.1140365600586
20211013,109.16000366210938,48.13465118408203,117.07083129882812
20211014,111.98999786376953,49.64519500732422,120.46012115478516
20211015,112.12000274658203,50.160980224609375,121.90196990966797
20211018,116.43000030517578,50.170204162597656,121.82706451416016
20211019,116.33000183105469,50.851783752441406,124.05538177490234
20211020,116.38999938964844,50.99916076660156,123.73705291748047
20211021,119.33000183105469,51.57941818237305,124.57034301757812
20211022,119.81999969482422,45.55568313598633,123.23147583007812
20211025,122.36000061035156,45.50962448120117,123.52169799804688
20211026,122.93000030517578,44.46883010864258,123.53107452392578
20211027,122.27999877929688,44.109615325927734,122.83824920654297
20211028,121.16000366210938,44.28462219238281,125.16954803466797
20211029,120.2300033569336,45.13199996948242,124.56097412109375
20211101,125.2300033569336,45.63858413696289,126.21814727783203
20211102,127.62999725341797,45.92411422729492,126.61140441894531
20211103,130.52999877929688,46.41227722167969,129.6542510986328
20211104,137.5,46.660823822021484,146.16065979003906
20211105,136.33999633789062,47.22658157348633,152.63963317871094
20211108,150.16000366210938,47.81089782714844,155.27987670898438
20211109,148.9199981689453,47.48628234863281,156.1131591796875
20211110,139.8699951171875,47.07819366455078,149.61546325683594
20211111,146.00999450683594,46.86487579345703,153.9410400390625
20211112,147.88999938964844,46.660823822021484,154.4279022216797
20211115,146.49000549316406,46.67010498046875,157.77037048339844
20211116,152.4499969482422,46.9390754699707,170.2227020263672
20211117,151.33999633789062,46.586631774902344,171.8424530029297
20211118,155.02000427246094,46.0765266418457,174.4453125
20211119,155.41000366210938,45.928138732910156,173.20941162109375
20211122,152.52000427246094,46.21565246582031,169.83885192871094
20211123,149.9199981689453,45.538604736328125,169.4081573486328
20211124,157.8000030517578,46.150718688964844,169.19284057617188
20211126,154.80999755859375,45.24181365966797,164.53958129882812
20211129,161.91000366210938,46.373313903808594,172.0297088623047
20211130,158.3699951171875,45.631343841552734,169.05238342285156
20211201,149.11000061035156,45.07486343383789,165.05819702148438
20211202,150.67999267578125,45.90958786010742,166.3739471435547
20211203,144.00999450683594,45.6777229309082,165.88523864746094
20211206,139.05999755859375,47.29151153564453,164.8890380859375
20211207,144.85000610351562,48.75690460205078,172.66123962402344
20211208,145.24000549316406,47.99638748168945,171.6368408203125
20211209,138.10000610351562,46.818504333496094,171.28909301757812
20211210,138.5500030517578,46.9205207824707,172.81161499023438
20211213,133.8000030517578,46.373313903808594,172.28530883789062
20211214,135.60000610351562,46.0950813293457,171.02597045898438
20211215,146.5,46.994720458984375,177.88656616210938
20211216,138.63999938964844,47.14311599731445,167.426513671875
20211217,137.75,46.94834899902344,166.15777587890625
20211220,135.8000030517578,46.00232696533203,166.03561401367188
20211221,144.25,47.087467193603516,168.77041625976562
20211222,143.8800048828125,47.2729606628418,170.4620819091797
20211223,146.13999938964844,47.58829879760742,171.74021911621094
20211227,154.36000061035156,48.172603607177734,175.1141357421875
20211228,153.14999389648438,48.00565719604492,173.69503784179688
20211229,148.25999450683594,48.070579528808594,174.99197387695312
20211230,145.14999389648438,47.98711013793945,171.73085021972656
20211231,143.89999389648438,47.7645149230957,171.86241149902344
20220103,150.24000549316406,49.35048294067383,175.00132751464844
20220104,144.4199981689453,49.28556442260742,175.95997619628906
20220105,136.14999389648438,49.962608337402344,175.27389526367188
20220106,136.22999572753906,50.09245300292969,174.75701904296875
20220107,132.0,49.56380081176758,169.5504913330078
20220110,132.0,51.20541763305664,168.86439514160156
20220111,137.30999755859375,51.854644775390625,174.24009704589844
20220112,137.47000122070312,51.69697189331055,175.1986846923828
20220113,132.74000549316406,50.95499801635742,172.8209991455078
20220114,136.8800048828125,51.65987777709961,177.3320770263672
20220118,131.92999267578125,50.788063049316406,168.09375
20220119,128.27000427246094,49.73074722290039,162.08843994140625
20220120,121.88999938964844,48.265350341796875,156.47776794433594
20220121,118.80999755859375,48.265350341796875,155.0022735595703
20220124,116.52999877929688,48.172603607177734,159.8328857421875
20220125,111.12999725341797,47.3007926940918,155.490966796875
20220126,110.70999908447266,47.940738677978516,156.94766235351562
20220127,102.5999984741211,44.564762115478516,151.4967803955078
20220128,105.23999786376953,44.267967224121094,156.76913452148438
20220131,114.25,45.278907775878906,165.18038940429688
20220201,116.77999877929688,45.399478912353516,166.46792602539062
20220202,122.76000213623047,45.91885757446289,176.87155151367188
20220203,120.08000183105469,44.778072357177734,168.31932067871094
20220204,123.5999984741211,44.86685562133789,168.6670684814453
20220207,123.66999816894531,45.025733947753906,164.5507049560547
20220208,128.22999572753906,45.61448287963867,167.8400421142578
20220209,132.85000610351562,46.64247131347656,172.87738037109375
20220210,125.7699966430664,45.66120910644531,163.59213256835938
20220211,113.18000030517578,44.51173782348633,154.72975158691406
20220214,114.2699966430664,44.465003967285156,155.19021606445312
20220215,121.47000122070312,45.268707275390625,162.58651733398438
20220216,117.69000244140625,45.07244873046875,162.21060180664062
20220217,112.37000274658203,44.455665588378906,156.7597198486328
20220218,113.83000183105469,42.09130096435547,157.54916381835938
20220222,115.6500015258789,41.76420974731445,155.90447998046875
20220223,109.76000213623047,41.726829528808594,151.89149475097656
20220224,116.61000061035156,43.661312103271484,157.86866760253906
20220225,121.05999755859375,44.58649444580078,160.64109802246094
20220228,123.33999633789062,44.577152252197266,161.63731384277344
20220301,113.83000183105469,43.7547607421875,153.8369140625
20220302,118.27999877929688,45.670555114746094,159.72576904296875
20220303,111.9800033569336,44.79209899902344,156.0452423095703
20220304,108.41000366210938,44.92293167114258,153.1291046142578
20220307,102.94999694824219,44.5584602355957,141.65341186523438
20220308,105.52999877929688,44.39023971557617,142.2762451171875
20220309,111.05000305175781,44.51173782348633,148.26890563964844
20220310,106.45999908447266,43.60524368286133,146.00401306152344
20220311,104.29000091552734,42.82958221435547,143.767333984375
20220314,102.25,41.493202209472656,133.33914184570312
20220315,109.33000183105469,41.8763542175293,136.0948486328125
20220316,115.37000274658203,43.57720184326172,141.9837188720703
20220317,111.69000244140625,44.05381774902344,144.2297821044922
20220318,113.45999908447266,44.34352493286133,145.3245086669922
20220321,115.91999816894531,44.287452697753906,146.83444213867188
20220322,114.77999877929688,45.221981048583984,148.7407684326172
20220323,113.91999816894531,45.109832763671875,144.2675018310547
20220324,120.52999877929688,48.240509033203125,149.54296875
20220325,119.66999816894531,48.436763763427734,149.08050537109375
20220328,120.23999786376953,48.137718200683594,149.53353881835938
20220329,123.2300033569336,48.82926940917969,152.00608825683594
20220330,119.22000122070312,48.06295394897461,144.13539123535156
20220331,109.33999633789062,46.31538009643555,144.22035217285156
20220401,108.19000244140625,44.960304260253906,138.71841430664062
20220404,110.52999877929688,45.978946685791016,145.15463256835938
20220405,106.81999969482422,44.979000091552734,137.27450561523438
20220406,103.66999816894531,44.42762756347656,131.4422607421875
20220407,103.72000122070312,44.446319580078125,131.38565063476562
20220408,101.0,43.94166946411133,128.99803161621094
20220411,97.37000274658203,43.52113342285156,127.74284362792969
20220412,95.0999984741211,43.455711364746094,128.43182373046875
20220413,97.73999786376953,43.93232345581055,132.59359741210938
20220414,93.05999755859375,42.68004608154297,129.20562744140625
20220418,93.88999938964844,43.5865478515625,131.4800567626953
20220419,96.93000030517578,44.79209899902344,133.1126708984375
20220420,94.0199966430664,44.960304260253906,132.442626953125
20220421,89.8499984741211,44.39023971557617,128.45066833496094
20220422,88.13999938964844,43.49309158325195,125.33636474609375
20220425,90.69000244140625,43.97905731201172,128.87533569335938
20220426,85.16000366210938,42.539878845214844,125.98753356933594
20220427,84.91000366210938,42.259517669677734,127.49746704101562
20220428,89.63999938964844,43.77345657348633,139.8508758544922
20220429,85.5199966430664,40.73622512817383,131.82919311523438
20220502,89.83999633789062,42.01654052734375,137.09519958496094
20220503,91.12999725341797,42.10999298095703,136.14202880859375
20220504,99.41999816894531,43.49309158325195,140.66250610351562
20220505,93.87000274658203,42.00957107543945,133.6694793701172
20220506,95.33999633789062,41.726993560791016,132.6691131591797
20220509,86.36000061035156,40.568443298339844,127.32764434814453
20220510,88.7300033569336,41.4538459777832,129.11129760742188
20220511,87.91999816894531,40.342376708984375,124.85505676269531
20220512,87.05999755859375,40.35179901123047,124.35488891601562
20220513,95.12000274658203,41.06765365600586,127.33705139160156
20220516,94.23999786376953,40.577857971191406,126.37446594238281
20220517,102.47000122070312,41.82119369506836,131.82919311523438
20220518,96.27999877929688,39.8902587890625,123.10916137695312
20220519,96.66999816894531,39.570003509521484,123.22241973876953
20220520,93.5,39.23091125488281,124.1944580078125
20220523,95.06999969482422,39.56058883666992,124.6852035522461
20220524,91.16000366210938,39.249755859375,121.2972183227539
20220525,92.6500015258789,39.74897003173828,123.84527587890625
20220526,98.75,40.95462417602539,127.25212097167969
20220527,102.26000213623047,41.96247482299805,131.89524841308594
20220531,101.86000061035156,41.840030670166016,135.16055297851562
20220601,101.22000122070312,41.548030853271484,132.83627319335938
20220602,108.58999633789062,42.23563766479492,138.69918823242188
20220603,106.30000305175781,40.86985778808594,133.9746856689453
20220606,105.6500015258789,40.822757720947266,133.23471069335938
20220607,105.27999877929688,41.00171661376953,134.6103057861328
20220608,101.9000015258789,38.83530044555664,131.83067321777344
20220609,98.80000305175781,37.68616485595703,129.6960906982422
20220610,94.81999969482422,36.90437316894531,126.36615753173828
20220613,86.98999786376953,35.57626724243164,122.05908966064453
20220614,86.98999786376953,35.72697830200195,123.57699584960938
20220615,89.30000305175781,36.4051513671875,124.30748748779297
20220616,82.05000305175781,35.17124557495117,114.62130737304688
20220617,81.56999969482422,34.82273483276367,114.78258514404297
20220621,83.79000091552734,35.53859329223633,118.00814056396484
20220622,83.75,35.20892333984375,115.89257049560547
20220623,82.43000030517578,35.2371826171875,113.92877197265625
20220624,87.08000183105469,36.36748504638672,118.68172454833984
20220627,86.16000366210938,36.38632583618164,120.65502166748047
20220628,80.77999877929688,35.58568572998047,124.84825897216797
20220629,77.98999786376953,35.124149322509766,123.54851531982422
20220630,76.47000122070312,35.2371826171875,121.18628692626953
20220701,73.66999816894531,34.22932815551758,117.19227600097656
20220705,75.19999694824219,34.558998107910156,119.37427520751953
20220706,75.3499984741211,34.84157943725586,120.54117584228516
20220707,79.30000305175781,35.92477798461914,127.50458526611328
20220708,79.3499984741211,35.78350067138672,129.03199768066406
20220711,76.94999694824219,35.03937530517578,125.45540618896484
20220712,76.36000061035156,35.04879379272461,126.12896728515625
20220713,77.5199966430664,35.04879379272461,128.68096923828125
20220714,78.5999984741211,35.51974868774414,134.61981201171875
20220715,81.11000061035156,36.37689971923828,136.96307373046875
20220718,81.43000030517578,36.46167755126953,134.42059326171875
20220719,85.87999725341797,37.883968353271484,139.8091583251953
20220720,89.43000030517578,38.204219818115234,143.92654418945312
20220721,91.08999633789062,38.251312255859375,147.8636016845703
20220722,88.0999984741211,36.9232177734375,145.81439208984375
20220725,87.54000091552734,36.88554000854492,145.38751220703125
20220726,85.25,36.697147369384766,142.27578735351562
20220727,89.81999969482422,37.84629440307617,145.5487518310547
20220728,91.66999816894531,37.40359115600586,138.9363555908203
20220729,94.47000122070312,34.20106506347656,137.61767578125
20220801,96.77999877929688,34.81331253051758,139.86610412597656
20220802,99.29000091552734,33.918487548828125,139.48658752441406
20220803,98.08999633789062,34.398868560791016,141.50733947753906
20220804,103.91000366210938,33.92791748046875,143.26242065429688
20220805,102.30999755859375,33.6710319519043,142.5034637451172
20220808,100.06999969482422,33.66151809692383,140.22659301757812
20220809,95.54000091552734,32.84328842163086,135.198486328125
20220810,99.05000305175781,33.652000427246094,139.44866943359375
20220811,98.12000274658203,33.86131286621094,140.24557495117188
20220812,100.83000183105469,34.35606002807617,143.52804565429688
20220815,101.01000213623047,34.57488250732422,144.324951171875
20220816,100.19999694824219,34.43217086791992,142.3326873779297
20220817,98.2699966430664,34.04207992553711,140.90965270996094
20220818,100.44000244140625,34.44168472290039,143.61343383789062
20220819,95.94999694824219,33.66151809692383,140.02735900878906
20220822,92.83999633789062,32.19631576538086,134.34469604492188
20220823,92.48999786376953,32.30097198486328,133.50035095214844
20220824,92.7300033569336,32.21534729003906,134.06005859375
20220825,97.18000030517578,33.195316314697266,138.74664306640625
20220826,91.18000030517578,31.739625930786133,131.2803955078125
20220829,88.48999786376953,31.340028762817383,130.047119140625
20220830,86.94000244140625,30.69305992126465,127.51406860351562
20220831,84.87000274658203,30.369571685791016,126.18798828125
20220901,82.33000183105469,30.21734619140625,123.94605255126953
20220902,80.23999786376953,29.703575134277344,122.57225799560547
20220906,78.72000122070312,28.885345458984375,120.84549713134766
20220907,79.61000061035156,29.16126251220703,122.68675994873047
20220908,82.77999877929688,29.25640296936035,122.92526245117188
20220909,85.44999694824219,29.93191909790039,125.97811126708984
20220912,84.63999938964844,30.02705955505371,126.88442993164062
20220913,77.02999877929688,27.867319107055664,119.18550109863281
20220914,77.44999694824219,27.762664794921875,121.66593933105469
20220915,76.66000366210938,27.439176559448242,119.23320007324219
20220916,76.51000213623047,27.81974983215332,119.20458984375
20220919,76.7699966430664,28.01003646850586,120.826416015625
20220920,75.25,27.553346633911133,119.03285217285156
20220921,74.4800033569336,27.08714485168457,118.88976287841797
20220922,69.5,26.70657730102539,117.99298095703125
20220923,67.95999908447266,26.183290481567383,115.61748504638672
20220926,66.30000305175781,25.66000747680664,114.2341537475586
20220927,67.16999816894531,25.583892822265625,114.80655670166016
20220928,68.36000061035156,25.81223487854004,113.46139526367188
20220929,64.13999938964844,25.098663330078125,109.5594482421875
20220930,63.36000061035156,24.518295288085938,107.78498077392578
20221003,66.11000061035156,25.66000747680664,111.83003234863281
20221004,67.9000015258789,26.354551315307617,116.74321746826172
20221005,67.94000244140625,26.297462463378906,119.14734649658203
20221006,67.8499984741211,25.85980796813965,119.51939392089844
20221007,58.439998626708984,24.470722198486328,115.35034942626953
20221010,57.810001373291016,23.975980758666992,109.33048248291016
20221011,57.630001068115234,23.823753356933594,104.97061920166016
20221012,57.849998474121094,24.09966278076172,103.64453887939453
20221013,58.939998626708984,25.136720657348633,107.67049407958984
20221014,55.939998626708984,24.651493072509766,104.89430236816406
20221017,57.959999084472656,25.136720657348633,106.45889282226562
20221018,57.91999816894531,24.61343765258789,106.09637451171875
20221019,57.22999954223633,24.73712158203125,107.66094970703125
20221020,57.77000045776367,24.813236236572266,106.83097076416016
20221021,58.81999969482422,25.66000747680664,110.41808319091797
20221024,58.70000076293945,25.85980796813965,111.02863311767578
20221025,61.470001220703125,26.078636169433594,113.69035339355469
20221026,59.72999954223633,25.888349533081055,112.6791000366211
20221027,58.599998474121094,24.994007110595703,109.42588806152344
20221028,62.0099983215332,27.658004760742188,113.728515625
20221031,60.060001373291016,27.049091339111328,112.24978637695312
20221101,59.65999984741211,26.925403594970703,111.9349594116211
20221102,58.630001068115234,26.088150024414062,107.32705688476562
20221103,60.11000061035156,26.059602737426758,99.10342407226562
20221104,62.189998626708984,27.1926326751709,101.78421020507812
20221107,63.08000183105469,27.395130157470703,105.02787017822266
20221108,63.849998474121094,27.462629318237305,107.36520385742188
20221109,59.91999816894531,26.536922454833984,105.35223388671875
20221110,68.47000122070312,28.69690704345703,115.13092803955078
20221111,72.37000274658203,29.342971801757812,115.84645080566406
20221114,73.52999877929688,29.265830993652344,115.24540710449219
20221115,76.37000274658203,29.61296844482422,120.22537231445312
20221116,72.69999694824219,28.475122451782227,115.17861938476562
20221117,73.9000015258789,28.822261810302734,117.21068572998047
20221118,73.56999969482422,28.802976608276367,118.15515899658203
20221121,72.45999908447266,27.906198501586914,114.67298889160156
20221122,75.25,28.754762649536133,117.96435546875
20221123,76.4000015258789,28.610122680664062,119.3953857421875
20221125,75.13999938964844,28.291908264160156,117.77354431152344
20221128,73.19000244140625,27.703699111938477,114.04334259033203
20221129,73.38999938964844,27.86762809753418,112.93667602539062
20221130,77.62999725341797,28.995832443237305,121.44318389892578
20221201,77.4800033569336,28.764408111572266,121.75041961669922
20221202,74.9800033569336,28.35940933227539,120.64629364013672
20221205,73.62000274658203,28.127981185913086,118.38045501708984
20221206,70.2699966430664,27.578344345092773,115.00090789794922
20221207,70.13999938964844,27.317989349365234,113.49354553222656
20221208,70.47000122070312,27.424060821533203,116.89230346679688
20221209,68.58999633789062,27.231201171875,114.30003356933594
20221212,70.66999816894531,27.66512680053711,116.37384033203125
20221213,71.6500015258789,27.703699111938477,118.56288146972656
20221214,68.93000030517578,27.250490188598633,116.8539047241211
20221215,66.52999877929688,26.180139541625977,111.9861831665039
20221216,65.41000366210938,25.958356857299805,109.96036529541016
20221219,64.58999633789062,25.833003997802734,108.11698150634766
20221220,65.05000305175781,25.495502471923828,107.62733459472656
20221221,67.68000030517578,25.871570587158203,110.0179672241211
20221222,63.86000061035156,25.042293548583984,106.26399230957031
20221223,64.5199966430664,25.158008575439453,106.41758728027344
20221227,63.27000045776367,25.01336669921875,105.0926513671875
20221228,62.56999969482422,24.627655029296875,102.70201110839844
20221229,64.81999969482422,25.273719787597656,105.4574966430664
20221230,64.7699966430664,25.485862731933594,105.55349731445312
20230103,64.0199966430664,25.775146484375,102.92282104492188
20230104,64.66000366210938,26.691207885742188,107.08007049560547
20230105,62.33000183105469,26.57549476623535,105.0350570678711
20230106,63.959999084472656,27.703699111938477,110.7380599975586
20230109,67.23999786376953,28.262981414794922,110.03718566894531
20230110,68.05000305175781,28.388341903686523,112.24542236328125
20230111,69.05999755859375,28.783693313598633,113.6663589477539
20230112,70.80000305175781,29.207975387573242,116.73868560791016
20230113,71.0,29.03440284729004,115.44255065917969
20230117,71.58999633789062,28.54262351989746,115.48094940185547
20230118,70.52999877929688,27.78084373474121,117.17072296142578
20230119,67.70999908447266,27.404775619506836,112.88867950439453
20230120,70.06999969482422,28.176197052001953,117.99641418457031
20230123,76.52999877929688,29.18868637084961,125.80204010009766
20230124,74.69999694824219,28.851192474365234,125.4852066040039
20230125,74.91000366210938,28.639049530029297,125.93644714355469
20230126,75.16000366210938,29.015119552612305,128.61514282226562
20230127,75.4000015258789,27.15406036376953,128.07748413085938
20230130,72.44999694824219,26.951566696166992,126.37811279296875
20230131,75.1500015258789,27.250490188598633,127.89506530761719
20230201,84.63999938964844,28.03155517578125,132.93560791015625
20230202,88.30999755859375,29.111547470092773,130.42971801757812
20230203,86.08999633789062,29.236900329589844,129.63284301757812
20230206,83.68000030517578,28.002225875854492,127.62621307373047
20230207,85.91000366210938,28.353593826293945,131.1785888671875
20230208,84.69000244140625,27.56301498413086,126.89654541015625
20230209,83.20999908447266,27.06523895263672,125.32198333740234
20230210,81.4800033569336,27.133562088012695,123.84344482421875
20230213,83.12999725341797,27.865583419799805,125.61959838867188
20230214,85.94999694824219,27.953420639038086,127.05976867675781
20230215,85.18000030517578,28.15839195251465,127.76063537597656
20230216,80.08000183105469,27.52397346496582,124.96675109863281
20230217,78.5,26.948118209838867,122.62409973144531
20230221,76.7699966430664,25.435274124145508,118.76448822021484
20230222,76.61000061035156,24.859416961669922,119.00452423095703
20230223,79.75,24.996061325073242,121.16474914550781
20230224,78.08999633789062,24.537330627441406,119.37895965576172
20230227,78.7699966430664,24.303081512451172,118.49566650390625
20230228,78.58000183105469,24.33236312866211,118.60127258300781
20230301,78.29000091552734,24.722774505615234,119.47064971923828
20230302,80.44000244140625,25.571918487548828,119.56725311279297
20230303,81.5199966430664,25.767122268676758,119.39336395263672
20230306,81.16000366210938,25.366952896118164,118.2438735961914
20230307,82.11000061035156,24.917980194091797,115.13345336914062
20230308,85.37000274658203,25.35719108581543,117.07505798339844
20230309,84.02999877929688,25.806163787841797,113.23051452636719
20230310,82.66999816894531,26.56746482849121,111.26959991455078
20230313,82.01000213623047,26.303939819335938,110.53546142578125
20230314,87.44999694824219,27.338529586791992,112.58330535888672
20230315,89.68000030517578,27.728940963745117,111.55938720703125
20230316,96.5999984741211,29.456506729125977,116.40853881835938
20230317,97.83999633789062,29.09537696838379,116.62104797363281
20230320,96.80999755859375,28.460962295532227,117.6739501953125
20230321,95.93000030517578,27.777738571166992,119.5865707397461
20230322,97.58000183105469,27.455650329589844,117.81885528564453
20230323,100.27999877929688,28.334077835083008,119.9246597290039
20230324,97.94999694824219,28.65616798400879,120.51388549804688
20230327,96.61000061035156,28.48048210144043,119.39336395263672
20230328,94.55999755859375,28.58784294128418,117.21028137207031
20230329,96.08999633789062,30.76438331604004,120.83264923095703
20230330,97.87999725341797,31.320720672607422,123.06404876708984
20230331,98.01000213623047,31.886808395385742,123.23792266845703
20230403,96.55999755859375,32.10154342651367,120.49457550048828
20230404,95.87000274658203,32.30651092529297,118.13761138916016
20230405,92.55999755859375,32.0429801940918,118.85242462158203
20230406,92.47000122070312,32.02346420288086,118.81379699707031
20230410,95.4800033569336,31.74041175842285,120.05989074707031
20230411,94.02999877929688,31.57448387145996,119.36439514160156
20230412,92.33000183105469,31.252399444580078,116.17669677734375
20230413,92.08999633789062,31.359760284423828,117.00743865966797
20230414,91.75,31.12551498413086,116.07044982910156
20230417,89.87000274658203,31.36952018737793,115.31698608398438
20230418,89.77999877929688,31.066953659057617,114.33171081542969
20230419,89.94000244140625,30.40325164794922,114.50558471679688
20230420,90.11000061035156,30.120208740234375,114.6021728515625
20230421,88.43000030517578,29.57362937927246,113.75213623046875
20230424,87.56999969482422,28.948970794677734,113.3560791015625
20230425,83.80000305175781,28.187671661376953,110.16840362548828
20230426,85.94000244140625,28.353593826293945,110.27465057373047
20230427,87.44000244140625,29.14417839050293,110.0428237915039
20230428,89.37000274658203,30.315412521362305,112.8248062133789
20230501,89.69000244140625,29.57362937927246,111.89746856689453
20230502,89.91000366210938,29.05633544921875,112.15828704833984
20230503,81.62000274658203,29.915241241455078,108.98992919921875
20230504,86.61000061035156,30.61595916748047,102.95262908935547
20230505,89.83999633789062,30.37095069885254,105.07775115966797
20230508,95.04000091552734,30.155345916748047,104.62374114990234
20230509,95.05999755859375,29.49873161315918,102.17020416259766
20230510,97.0199966430664,29.371328353881836,102.83671569824219
20230511,97.0999984741211,28.283498764038086,100.51840209960938
20230512,95.26000213623047,28.371702194213867,100.0933837890625
20230515,97.4000015258789,29.204723358154297,102.66283416748047
20230516,101.4800033569336,28.636308670043945,100.2575912475586
20230517,103.75,28.293298721313477,101.24287414550781
20230518,107.93000030517578,29.087120056152344,103.3197021484375
20230519,105.81999969482422,29.33212661743164,102.25714111328125
20230522,108.0,29.67513656616211,101.69686889648438
20230523,108.12000274658203,28.920516967773438,100.03540802001953
20230524,108.2699966430664,28.420703887939453,99.51378631591797
20230525,120.3499984741211,26.852664947509766,100.47975158691406
20230526,127.02999877929688,28.420703887939453,106.59432220458984
20230530,125.2699966430664,29.390928268432617,112.05203247070312
20230531,118.20999908447266,30.811965942382812,110.31095123291016
20230601,119.47000122070312,30.508153915405273,112.66481018066406
20230602,117.86000061035156,30.684558868408203,112.46055603027344
20230605,117.93000030517578,29.263525009155273,109.6495361328125
20230606,124.2300033569336,30.341550827026367,113.18033599853516
20230607,117.83000183105469,30.655160903930664,112.03257751464844
20230608,121.05000305175781,31.184371948242188,113.17060089111328
20230609,124.91999816894531,30.713960647583008,115.85518646240234
20230612,129.19000244140625,32.409400939941406,118.8023910522461
20230613,124.52999877929688,33.23262405395508,121.02981567382812
20230614,127.33000183105469,34.86927032470703,120.0279541015625
20230615,124.23999786376953,35.104469299316406,120.23221588134766
20230616,120.08000183105469,35.64348220825195,119.32762908935547
20230620,118.93000030517578,34.30084991455078,116.54578399658203
20230621,112.11000061035156,32.242801666259766,112.59673309326172
20230622,110.69999694824219,32.05659103393555,113.21924591064453
20230623,110.01000213623047,32.34080123901367,110.33039093017578
20230626,107.51000213623047,32.67400360107422,113.44295501708984
20230627,110.38999938964844,33.4188232421875,116.51660919189453
20230628,110.16999816894531,32.899417877197266,114.32809448242188
20230629,111.23999786376953,32.25259780883789,114.83387756347656
20230630,113.91000366210938,32.772010803222656,115.78709411621094
20230703,115.81999969482422,32.94841384887695,116.80840301513672
20230705,113.94999694824219,31.86058807373047,113.92928314208984
20230706,113.4800033569336,31.331377029418945,112.07148742675781
20230707,113.16999816894531,31.213775634765625,112.77181243896484
20230710,113.58000183105469,32.086002349853516,113.91956329345703
20230711,111.31999969482422,32.63480758666992,113.6763916015625
20230712,114.58000183105469,33.30122756958008,115.43694305419922
20230713,115.91999816894531,33.19342041015625,119.755615234375
20230714,115.94000244140625,32.48780822753906,119.21089935302734
20230717,118.31999969482422,33.683433532714844,120.0279541015625
20230718,117.93000030517578,33.81083679199219,119.50272369384766
20230719,116.43000030517578,33.77163314819336,121.02008056640625
20230720,110.25,32.70341110229492,117.42119598388672
20230721,110.94999694824219,33.340431213378906,121.3118896484375
20230724,110.61000061035156,32.95821762084961,120.70883178710938
20230725,113.0,33.4188232421875,121.65231323242188
20230726,110.08999633789062,33.67363739013672,120.6310043334961
20230727,111.0999984741211,33.859840393066406,122.41100311279297
20230728,112.95999908447266,36.094295501708984,125.94182586669922
20230731,114.4000015258789,35.05546951293945,128.5583038330078
20230801,117.5999984741211,35.08486557006836,128.47076416015625
20230802,109.3499984741211,33.70303726196289,125.73756408691406
20230803,113.1500015258789,34.17344284057617,115.45638275146484
20230804,115.81999969482422,34.56195068359375,118.17987060546875
20230807,116.80999755859375,34.65046691894531,116.07890319824219
20230808,113.2300033569336,34.44392395019531,114.44480895996094
20230809,110.47000122070312,33.716094970703125,113.38459777832031
20230810,110.2300033569336,34.10951614379883,112.45082092285156
20230811,107.56999969482422,34.31605911254883,111.47815704345703
20230814,111.9800033569336,35.09306716918945,110.90428161621094
20230815,111.3499984741211,34.198036193847656,108.62821960449219
20230816,107.19000244140625,32.978431701660156,107.14002227783203
20230817,104.44000244140625,32.044063568115234,107.07193756103516
20230818,105.44999694824219,32.21126174926758,107.09139251708984
20230821,108.22000122070312,32.5948486328125,107.65554809570312
20230822,105.66000366210938,32.348960876464844,106.4786148071289
20230823,109.43000030517578,33.4210319519043,108.13214874267578
20230824,101.80000305175781,32.053897857666016,105.54483795166016
20230825,102.25,32.70303726196289,107.30538177490234
20230828,102.61000061035156,33.066951751708984,108.62821960449219
20230829,105.91999816894531,33.745601654052734,110.67082977294922
20230830,106.58999633789062,33.96198272705078,110.95489501953125
20230831,105.72000122070312,34.56195068359375,112.18915557861328
20230901,109.44999694824219,36.00777053833008,113.03157043457031
20230905,110.77999877929688,36.10612106323242,114.16786193847656
20230906,109.27999877929688,36.37167739868164,112.33609008789062
20230907,106.58999633789062,37.55194091796875,104.22532653808594
20230908,106.08999633789062,37.384735107421875,103.97062683105469
20230911,105.31999969482422,37.955196380615234,108.02601623535156
20230912,105.30999755859375,38.220760345458984,108.95660400390625
20230913,107.70999908447266,38.07322311401367,110.33777618408203
20230914,106.62999725341797,38.033878326416016,111.70916748046875
20230915,101.48999786376953,37.256874084472656,110.82756042480469
20230918,102.37000274658203,37.36506652832031,110.44552612304688
20230919,101.61000061035156,35.742210388183594,108.45702362060547
20230920,100.33999633789062,34.11935043334961,106.98768615722656
20230921,96.11000061035156,34.08000946044922,105.75343322753906
20230922,96.19999694824219,33.617740631103516,105.47915649414062
20230925,97.37999725341797,33.725929260253906,108.17294311523438
20230926,95.95999908447266,33.273502349853516,107.47746276855469
20230927,98.06999969482422,34.040672302246094,106.95829772949219
20230928,102.76000213623047,34.60129165649414,108.82925415039062
20230929,102.81999969482422,34.96520233154297,108.79006958007812
20231002,103.2699966430664,34.87668228149414,108.82925415039062
20231003,100.08000183105469,35.10289764404297,107.93785858154297
20231004,104.06999969482422,35.338951110839844,107.60481262207031
20231005,102.91000366210938,35.29960632324219,107.55582427978516
20231006,107.23999786376953,35.59467697143555,108.61375427246094
20231009,106.97000122070312,35.466819763183594,109.51494598388672
20231010,109.01000213623047,35.830726623535156,110.01451873779297
20231011,108.30999755859375,36.2733268737793,108.84884643554688
20231012,108.79000091552734,36.23398208618164,109.18189239501953
20231013,105.08999633789062,35.3782958984375,106.43912506103516
20231016,106.45999908447266,35.95859146118164,108.25131225585938
20231017,105.13999938964844,35.466819763183594,109.90676879882812
20231018,102.16999816894531,35.05372619628906,108.71170806884766
20231019,102.4000015258789,35.083229064941406,109.00557708740234
20231020,101.80999755859375,34.34556198120117,106.40972900390625
20231023,100.01000213623047,33.29316711425781,106.43912506103516
20231024,101.66999816894531,34.020999908447266,107.15421295166016
20231025,96.05999755859375,32.28995132446289,102.638427734375
20231026,93.66999816894531,31.98504638671875,103.46125793457031
20231027,96.43000030517578,34.95537185668945,104.28409576416016
20231030,96.18000030517578,35.10289764404297,105.62609100341797
20231031,98.5,35.899574279785156,106.76238250732422
20231101,108.04000091552734,36.67658233642578,108.62354278564453
20231102,107.83000183105469,37.079837799072266,114.96131134033203
20231103,112.25,37.512596130371094,117.0771484375
20231106,111.75,37.448455810546875,117.4787826538086
20231107,113.44999694824219,38.25761795043945,118.25263977050781
20231108,113.58999633789062,37.418853759765625,117.60612487792969
20231109,113.48999786376953,37.30044174194336,117.64530181884766
20231110,118.58999633789062,38.346435546875,121.67130279541016
20231113,116.79000091552734,37.72475814819336,121.31865692138672
20231114,119.87999725341797,38.889163970947266,124.75691986083984
20231115,118.0,40.07330322265625,126.28502655029297
20231116,119.83000183105469,42.77709197998047,126.06952667236328
20231117,120.62000274658203,43.231014251708984,126.82379150390625
20231120,121.52999877929688,44.14872360229492,126.86298370361328
20231121,119.16000366210938,43.063262939453125,124.42385864257812
20231122,122.51000213623047,43.09286117553711,124.89405059814453
20231124,122.30999755859375,43.3790283203125,125.13895416259766
20231127,122.6500015258789,43.4974479675293,125.57975769042969
20231128,122.01000213623047,43.64546203613281,124.00265502929688
20231129,123.8499984741211,44.3460807800293,126.09253692626953
20231130,121.16000366210938,44.1092529296875,127.21634674072266
20231201,121.38999938964844,43.16194152832031,127.8275375366211
20231204,118.56999969482422,41.79030990600586,128.1035614013672
20231205,118.37999725341797,41.365989685058594,128.89218139648438
20231206,116.81999969482422,40.72458267211914,128.1134033203125
20231207,128.3699951171875,41.59295654296875,131.0510711669922
20231208,128.9199981689453,42.135684967041016,131.0806427001953
20231211,134.41000366210938,43.95136642456055,134.1661834716797
20231212,137.61000061035156,43.45797348022461,134.7379150390625
20231213,138.19000244140625,43.98097229003906,136.82781982421875
20231214,138.0,44.582908630371094,139.4894561767578
20231215,139.14999389648438,45.549957275390625,141.09629821777344
20231218,138.89999389648438,45.08616256713867,139.63729858398438
20231219,140.14999389648438,46.04335021972656,141.19485473632812
20231220,135.47000122070312,45.155242919921875,138.4445037841797
20231221,139.91000366210938,46.457801818847656,140.4160919189453
20231222,139.60000610351562,47.365638732910156,141.451171875
20231226,143.41000366210938,49.83259963989258,143.39317321777344
20231227,146.07000732421875,50.08916091918945,143.6494903564453
20231228,148.75999450683594,49.724056243896484,143.78749084472656
20231229,147.41000366210938,49.58590316772461,142.57496643066406
20240102,138.5800018310547,47.16828536987305,138.2374725341797
20240103,135.32000732421875,46.428192138671875,135.64486694335938
20240104,136.00999450683594,46.25057601928711,134.23516845703125
20240105,138.5800018310547,46.27030944824219,134.78721618652344
20240108,146.17999267578125,47.809696197509766,137.05453491210938
20240109,149.25999450683594,47.41497802734375,137.90231323242188
20240110,148.5399932861328,46.842647552490234,137.33055114746094
20240111,148.02000427246094,47.01039505004883,137.05453491210938
20240112,146.55999755859375,46.49726486206055,138.20790100097656
20240116,158.74000549316406,46.43806838989258,139.1148223876953
20240117,160.1699981689453,45.45127868652344,137.34042358398438
20240118,162.6699981689453,46.122291564941406,143.2255859375
20240119,174.22999572753906,47.51365661621094,149.8008270263672
20240122,168.17999267578125,47.582733154296875,150.6978759765625
20240123,168.4199981689453,48.24387741088867,151.31893920898438
20240124,178.2899932861328,48.44123458862305,152.1765594482422
20240125,180.3300018310547,48.89515686035156,152.275146484375
20240126,177.25,43.07312774658203,148.57843017578125
20240129,177.8300018310547,43.260616302490234,147.51376342773438
20240130,172.05999755859375,42.35277557373047,143.90577697753906
20240131,167.69000244140625,42.51066207885742,146.3998260498047
20240201,170.47999572753906,42.786964416503906,139.10499572753906
20240202,177.66000366210938,42.0369987487793,139.67674255371094
20240205,174.22999572753906,42.20475769042969,141.98348999023438
20240206,167.8800048828125,42.29877853393555,142.052490234375
20240207,170.94000244140625,42.33836364746094,143.8170623779297
20240208,169.35000610351562,42.061256408691406,146.0745086669922
20240209,172.47999572753906,42.862892150878906,148.8544464111328
20240212,171.91000366210938,43.57545852661133,150.92462158203125
20240213,171.5399932861328,42.714439392089844,147.9080810546875
20240214,178.6999969482422,43.73380661010742,151.752685546875
20240215,176.75999450683594,43.595252990722656,153.76368713378906
20240216,173.8699951171875,43.060829162597656,150.52044677734375
20240220,165.69000244140625,44.060401916503906,149.8008270263672
20240221,164.2899932861328,43.021244049072266,149.85009765625
20240222,181.86000061035156,42.53630065917969,152.55117797851562
20240223,176.52000427246094,42.54619598388672,152.7089080810547
20240226,176.00999450683594,42.54619598388672,154.7987823486328
20240227,178.0,42.28887939453125,156.0507354736328
20240228,176.5399932861328,41.5565185546875,154.41592407226562
20240229,192.52999877929688,42.60557556152344,156.3380584716797
20240301,202.63999938964844,43.36763000488281,161.58929443359375
20240304,205.36000061035156,45.13915252685547,165.02735900878906
20240305,205.1300048828125,42.714439392089844,159.96437072753906
20240306,210.6300048828125,44.05050277709961,166.34512329101562
20240307,211.3800048828125,45.67357635498047,174.1030731201172
20240308,207.38999938964844,43.54576873779297,169.00047302246094
20240311,198.38999938964844,44.39689254760742,169.54541015625
20240312,202.75999450683594,44.772972106933594,171.48736572265625
20240313,194.7899932861328,42.78371810913086,167.69261169433594
20240314,187.05999755859375,42.30867385864258,166.8999786376953
20240315,191.05999755859375,42.199806213378906,165.66146850585938
20240318,190.64999389648438,42.26908874511719,165.38404846191406
20240319,181.4199981689453,41.61589813232422,162.58999633789062
20240320,179.72999572753906,41.76435089111328,166.1271514892578
20240321,178.67999267578125,41.982078552246094,169.27789306640625
20240322,179.64999389648438,42.130531311035156,168.53480529785156
20240325,178.6300048828125,41.39817428588867,165.97854614257812
20240326,177.8699951171875,41.5565185546875,165.53268432617188
20240327,179.58999633789062,43.318145751953125,167.57371520996094
20240328,180.49000549316406,43.714012145996094,167.74215698242188
20240401,183.33999633789062,44.060401916503906,170.13987731933594
20240402,178.6999969482422,43.486385345458984,169.46612548828125
20240403,180.77000427246094,39.91366195678711,172.30972290039062
20240404,165.8300018310547,39.31985092163086,168.1979217529297
20240405,170.4199981689453,38.31038284301758,169.95162963867188
20240408,169.89999389648438,37.58791732788086,172.02239990234375
20240409,170.77999877929688,37.934303283691406,173.95445251464844
20240410,167.13999938964844,36.81597137451172,169.2877960205078
20240411,170.5,37.24153137207031,173.5185089111328
20240412,163.27999877929688,35.321556091308594,169.71383666992188
20240415,160.32000732421875,35.935157775878906,168.2771759033203
20240416,163.4600067138672,35.88566970825195,167.02877807617188
20240417,154.02000427246094,35.31166076660156,162.8079833984375
20240418,155.0800018310547,34.67826843261719,159.95448303222656
20240419,146.63999938964844,33.84693908691406,156.17953491210938
20240422,148.63999938964844,34.054771423339844,158.70606994628906
20240423,152.27000427246094,33.92611312866211,159.8653106689453
20240424,151.74000549316406,34.14384078979492,162.12432861328125
20240425,153.75999450683594,34.74754333496094,161.79736328125
20240426,157.39999389648438,31.55088996887207,164.13565063476562
20240429,160.1999969482422,31.036258697509766,167.64306640625
20240430,158.3800048828125,30.155445098876953,164.3238983154297
20240501,144.27000427246094,30.05647850036621,162.59991455078125
20240502,146.16000366210938,30.195032119750977,178.44277954101562
20240503,150.60000610351562,30.581005096435547,177.9870147705078
20240506,155.77999877929688,30.774776458740234,180.1766815185547
20240507,154.42999267578125,30.486604690551758,178.49229431152344
20240508,153.6199951171875,29.81089210510254,178.8886260986328
20240509,152.38999938964844,29.90032386779785,178.87872314453125
20240510,151.9199981689453,29.66183853149414,180.40455627441406
20240513,150.55999755859375,30.317676544189453,182.51495361328125
20240514,153.16000366210938,30.854272842407227,187.2311553955078
20240515,159.6699981689453,31.072887420654297,192.8192596435547
20240516,162.6199951171875,31.828094482421875,191.49159240722656
20240517,164.47000122070312,31.629356384277344,192.07615661621094
20240520,166.3300018310547,31.897653579711914,195.9402618408203
20240521,164.66000366210938,31.5399227142334,199.00184631347656
20240522,165.52000427246094,31.221940994262695,201.06268310546875
20240523,160.42999267578125,29.8903865814209,199.90345764160156
20240524,166.36000061035156,30.526351928710938,208.42433166503906
20240528,171.61000061035156,30.86421012878418,211.11929321289062
20240529,165.13999938964844,29.94007110595703,206.34365844726562
20240530,166.75,29.99969482421875,203.7470703125
20240531,166.89999389648438,30.655534744262695,203.0009307861328
20240603,163.5500030517578,30.099063873291016,204.8513641357422
20240604,159.99000549316406,29.8407039642334,203.31927490234375
20240605,166.1699981689453,30.585975646972656,210.81056213378906
20240606,166.77999877929688,30.22824478149414,208.36322021484375
20240607,167.8699951171875,30.546226501464844,205.55770874023438
20240610,160.33999633789062,30.71515464782715,208.273681640625
20240611,158.9600067138672,30.7250919342041,207.4479522705078
20240612,160.24000549316406,30.56610107421875,214.28262329101562
20240613,159.89999389648438,30.26799201965332,216.690185546875
20240614,159.6300048828125,30.258056640625,214.22293090820312
20240617,158.39999389648438,30.784713745117188,221.0775146484375
20240618,154.6300048828125,30.436920166015625,225.92247009277344
20240620,161.77999877929688,30.426984786987305,214.36221313476562
20240621,161.22999572753906,30.894020080566406,211.4373321533203
20240624,160.25,30.37729835510254,199.8074188232422
20240625,160.25,30.546226501464844,201.13058471679688
20240626,157.5399932861328,30.347488403320312,196.3154754638672
20240627,159.47000122070312,30.397172927856445,194.1466827392578
20240628,162.2100067138672,30.774776458740234,198.1559600830078
20240701,157.69000244140625,30.645597457885742,199.0015869140625
20240702,164.30999755859375,30.874147415161133,199.1309356689453
20240703,163.89999389648438,31.033138275146484,202.7621612548828
20240705,171.89999389648438,31.818159103393555,204.6921844482422
20240708,178.69000244140625,33.77574157714844,206.82118225097656
20240709,177.10000610351562,34.3719596862793,206.05514526367188
20240710,183.9600067138672,34.65019226074219,207.72650146484375
20240711,181.94000244140625,33.2888298034668,198.82252502441406
20240712,181.61000061035156,34.27259063720703,201.38925170898438
20240715,179.8300018310547,34.242774963378906,207.10968017578125
20240716,177.5500030517578,34.12353515625,208.5621795654297
20240717,159.42999267578125,34.242774963378906,190.6149444580078
20240718,155.77000427246094,34.65019226074219,190.4756622314453
20240719,151.5800018310547,32.7721061706543,185.25265502929688
20240722,155.8699951171875,33.15964889526367,193.9676055908203
20240723,154.0,32.7422981262207,192.35594177246094
20240724,144.6300048828125,31.50017547607422,180.1390838623047
20240725,138.32000732421875,30.90395736694336,174.48828125
20240726,139.99000549316406,31.152381896972656,179.1243133544922
20240729,139.75,30.63566017150879,177.7215576171875
20240730,138.44000244140625,29.94007110595703,166.08172607421875
20240731,144.47999572753906,30.546226501464844,180.01968383789062
20240801,132.5399932861328,28.866878509521484,163.15682983398438
20240802,132.5,21.3445987701416,158.49093627929688
20240805,134.82000732421875,19.983234405517578,157.137939453125
20240806,130.17999267578125,19.704999923706055,157.9039764404297
20240807,128.6699981689453,18.989999771118164,155.3173370361328
20240808,136.32000732421875,20.489999771118164,164.10194396972656
20240809,134.27000427246094,19.709999084472656,163.63436889648438
20240812,136.77000427246094,19.360000610351562,162.0525360107422
20240813,141.1300048828125,20.469999313354492,168.5987091064453
20240814,140.75,19.920000076293945,166.29063415527344
20240815,147.36000061035156,20.690000534057617,172.4488067626953
20240816,148.55999755859375,20.8700008392334,171.29476928710938
20240819,155.27999877929688,21.520000457763672,173.36407470703125
20240820,156.39999389648438,20.989999771118164,171.2251434326172
20240821,157.80999755859375,21.40999984741211,173.3242950439453
20240822,151.6999969482422,20.100000381469727,168.13113403320312
20240823,154.97999572753906,20.540000915527344,172.6079864501953
20240826,149.99000549316406,20.1299991607666,168.6186065673828
20240827,150.5,20.06999969482422,173.0357666015625
20240828,146.36000061035156,19.610000610351562,170.9664764404297
20240829,145.49000549316406,20.1299991607666,168.6186065673828
20240830,148.55999755859375,22.040000915527344,174.39874267578125
